source,title,url,keyword,scraped_date,published_date,prices,locations_general,locations_kota,locations_kabupaten,locations_kecamatan,detailed_addresses,qualities,description
Detik.com,"Ketiban Berkah MotoGP Mandalika 2025, UMKM Raup Cuan Jutaan Rupiah",https://www.detik.com/bali/bisnis/d-8146389/ketiban-berkah-motogp-mandalika-2025-umkm-raup-cuan-jutaan-rupiah,harga beras jawa barat,2025-10-05 18:40:36,5 Oktober 2025,"Rp 30 ribu; 30 ribu; Rp 25.000,",Jawa Barat,,,,,,
Detik.com,Banjir Diskon! Belanja Anggur di Transmart Full Day Sale Ramah di Kantong,https://finance.detik.com/berita-ekonomi-bisnis/d-8145710/banjir-diskon-belanja-anggur-di-transmart-full-day-sale-ramah-di-kantong,harga beras jawa barat,2025-10-05 18:40:37,,Rp 4.720; Rp 4.312; Rp 5.160; Rp 5.592; Rp 4.990; seharga Rp 4.720; Rp 5.200; Rp 5.900; Rp 3.992; Rp 4.560; Rp 5.390; harga Rp 6.450; Rp 5.700; Rp 6.990; Rp 7.400; seharga Rp 4.312; harga Rp 4.720; Rp 6.450; Rp 6.500; Rp 300.000.; harga Rp 4.312,Jawa Barat,,,,,,
Detik.com,Segini Kisaran Harga Lahan Industri di Jawa Barat,https://www.detik.com/properti/berita/d-7810913/segini-kisaran-harga-lahan-industri-di-jawa-barat,harga beras jawa barat,2025-10-05 18:40:38,,"2 juta; Rp 2,05 juta; 3 juta; Rp 1 juta; Rp 2 juta; Rp 3 juta; 1 juta; 2,525 juta; 7 juta; Rp 2,525 juta; 2,325 juta; Rp 3,135 juta; Rp 2; Rp 2,5 juta; 2,5 juta; Rp 7 juta; Rp 2,325 juta; 2,05 juta; Rp 1,6 juta; 3,135 juta; 1,6 juta",Jawa Barat,Sukabumi; Bekasi; Bogor,Subang; Purwakarta; Karawang,,,,
Detik.com,"5 Pesona Wisata Cianjur Selatan, Ada Pantai Cantik dan Curug Memukau",https://www.detik.com/jabar/wisata/d-8145649/5-pesona-wisata-cianjur-selatan-ada-pantai-cantik-dan-curug-memukau,harga beras jawa barat,2025-10-05 18:40:39,,7 ribu; Rp7 ribu,Jawa Barat,,Cianjur,,"Sindangbarang dan hanya berjarak sekitar; Pasirkuda; Desa Karangjaya, Kecamatan Pasirkuda; Cidaun merupakan destinasi paling populer di Cianjur Selatan; Sindangbarang menawarkan pemandangan Samudra Hindia dari ketinggian tebing karang; Cidaun",,
Detik.com,"Pasokan Minim, Harga Beras di Bandung Melonjak",https://finance.detik.com/foto-bisnis/d-7188949/pasokan-minim-harga-beras-di-bandung-melonjak,harga beras jawa barat,2025-10-05 18:40:41,,,Jawa Barat,Bandung,,,Kosambi,,
Detik.com,Jabar Dorong Pengembangan Sorgum Jadi Komoditas Strategis,https://www.detik.com/jabar/cirebon-raya/d-8143281/jabar-dorong-pengembangan-sorgum-jadi-komoditas-strategis,harga beras jawa barat,2025-10-05 18:40:43,,,Jawa Barat,Cirebon; Sukabumi,Garut; Indramayu; Subang; Majalengka,,,,
Detik.com,29 Ribu Kg Bansos Beras Khusus Diguyur buat 648 Keluarga,https://finance.detik.com/berita-ekonomi-bisnis/d-8143659/29-ribu-kg-bansos-beras-khusus-diguyur-buat-648-keluarga,harga beras jawa barat,2025-10-05 18:40:44,,29 Ribu,Jawa Barat,Bogor,,,,,
Detik.com,"Khusus di GIIAS Bandung 2025, BAIC BJ30 Diskon Rp 30 Juta!",https://oto.detik.com/mobil/d-8144375/khusus-di-giias-bandung-2025-baic-bj30-diskon-rp-30-juta,harga beras jawa barat,2025-10-05 18:40:50,,579 juta; Rp 20 juta; 30 juta; 20 juta; 30 Juta; Rp 30 juta; Rp 30 Juta; Rp 503,Jawa Barat,Bandung,,,"Naripan, kami siap memberikan layanan lengkap mulai dari penjualan, servis, hingga suku cadang. Kami optimis BAIC akan semakin banyak mengisi jalanan Bandung dan Jawa Barat",,
Detik.com,"Harga Beras Meroket, Bulog Jabar Gelar Operasi Pasar",https://finance.detik.com/foto-bisnis/d-3852955/harga-beras-meroket-bulog-jabar-gelar-operasi-pasar,harga beras jawa barat,2025-10-05 18:40:53,,,Jawa Barat,Bandung,,,Jakarta,,
Detik.com,"Daftar Harga BBM Pertamina Oktober 2025, Cek Update yang Naik dan Turun",https://www.detik.com/jateng/bisnis/d-8141385/daftar-harga-bbm-pertamina-oktober-2025-cek-update-yang-naik-dan-turun,harga beras jawa barat,2025-10-05 18:40:54,1 Oktober 2025,"Rp 290; Rp 450; Rp 140,; Rp 13.140; harga Rp 14.140.; Rp 12.200; Rp 12.580; Rp 13.850; Rp 12.890.; Rp 40; Rp 14.000.; Rp 13.590.; Rp 12.490; seharga Rp 14.130; Rp 13.100.; harga Rp 13.100.; Rp 14.130; harga Rp 13.140,; Rp 14.270.; Rp 13.700.; Rp 14.140.; Rp 12.530.; Rp 13.300; seharga Rp 14.140.; harga Rp 13.120; harga Rp 14.140; Rp 13.420.; harga Rp 12.490; Rp 12.610.; Rp 14.140; harga Rp 14.130; harga Rp 12.200; harga Rp 12.580; Rp 13.140,; harga Rp 14.150; Rp 310; Rp 13.120; Rp 150; Rp 300; Rp 12.610; Rp 130; Rp 280; Rp 14.150",Jawa Barat,,,,,super,
Detik.com,"Mercy B.J Habibie yang Dibeli RK Termasuk Langka, Harganya Miliaran",https://www.detik.com/jabar/berita/d-8142315/mercy-b-j-habibie-yang-dibeli-rk-termasuk-langka-harganya-miliaran,harga beras jawa barat,2025-10-05 18:41:00,,,Jawa Barat,Bandung,,,"Pak Gatot II, No 20, Gegerkalong, Kota Bandung",,
Detik.com,Bandung Raya Sepekan: Misteri Meninggalnya Pelajar di Bandung Barat,https://www.detik.com/jabar/berita/d-8144714/bandung-raya-sepekan-misteri-meninggalnya-pelajar-di-bandung-barat,harga beras jawa barat,2025-10-05 18:41:01,6 Agustus 2025,"15,4 juta; 2 juta; Rp10; 5 juta; Rp15,4 juta; Rp2 juta; Rp1; harga Rp15,4; Rp5 juta; seharga Rp5; harga Rp5",Jawa Barat,Cimahi; Bandung,Bandung Barat,Mandalajati,"Bandung Barat  Sejumlah peristiwa yang menjadi sorotan publik terjadi di wilayah Bandung Raya pekan ini; Raya Ciwidey Rancabali, Kabupaten Bandung; Jalan Raya Ciwidey Rancabali, Kabupaten Bandung, Minggu (28/9/2025)",,
Detik.com,Kenal Lebih Dekat Batik Indonesia di 5 Kampung Batik Ini,https://travel.detik.com/domestic-destination/d-8141214/kenal-lebih-dekat-batik-indonesia-di-5-kampung-batik-ini,harga beras jawa barat,2025-10-05 18:41:05,,"2 juta; Rp 1,5 juta; Rp 2 juta; 1,5 juta; mulai Rp 2",Jawa Barat,Cirebon,,,Pasar Kliwon; Plered; Tanjung Bumi; Kliwon,,
Detik.com,"Harga BBM Shell Super 1 Oktober 2025, Stok di Jabodetabek Ludes!",https://oto.detik.com/mobil/d-8138817/harga-bbm-shell-super-1-oktober-2025-stok-di-jabodetabek-ludes,harga beras jawa barat,2025-10-05 18:41:05,1 Oktober 2025,"Rp 13.590; Rp 12.890; Rp 14.130; Rp 14.270; Rp 13.300,; Rp 13.140; Rp 13.420; Rp 12.580",Jawa Barat,,,,,super,
Detik.com,"Baru 5 Bulan Nikah, Pasutri Cimahi Bulan Madu di Penjara gegara Ganja",https://www.detik.com/jabar/hukum-dan-kriminal/d-8141593/baru-5-bulan-nikah-pasutri-cimahi-bulan-madu-di-penjara-gegara-ganja,harga beras jawa barat,2025-10-05 18:41:11,,"15,4 juta; 2 juta; Rp10; 5 juta; Rp15,4 juta; Rp2 juta; Rp1; harga Rp15,4; Rp5 juta; seharga Rp5; harga Rp5",Jawa Barat,Cimahi; Bandung,,Mandalajati,,,
Detik.com,"Harga BBM Pertamina di Bali per 1 Oktober 2025, Dexlite-Pertamina Dex Naik",https://www.detik.com/bali/bisnis/d-8138787/harga-bbm-pertamina-di-bali-per-1-oktober-2025-dexlite-pertamina-dex-naik,harga beras jawa barat,2025-10-05 18:41:12,1 Oktober 2025,Rp 11.500; Rp 13.300; Rp 12.450; Rp 12.500; Rp 14.600; Rp 6.800; Rp 13.600; Rp 13.000; Rp 14.000; Rp 10.000; Rp 11.700; Rp 14.300; Rp 13.700; Rp 13.400; Rp 12.800; Rp 12.200; Rp 13.100; Rp 13.850,Jawa Barat,,,,,,
Detik.com,"Daftar Harga BBM Pertamina Berlaku Mulai 1 Oktober, Ada yang Naik!",https://finance.detik.com/energi/d-8138640/daftar-harga-bbm-pertamina-berlaku-mulai-1-oktober-ada-yang-naik,harga beras jawa barat,2025-10-05 18:41:13,1 Oktober 2025,Rp 11.500; Rp 13.300; Rp 12.450; Rp 12.500; Rp 14.600; Rp 6.800; Rp 13.600; Rp 13.000; Rp 14.000; Rp 10.000; Rp 11.700; Rp 14.300; Rp 13.700; Rp 13.400; Rp 12.800; Rp 12.200; Rp 13.100; Rp 13.850,Jawa Barat,,,,,,
Detik.com,Cek! Harga BBM di Semua SPBU Pertamina Berlaku Mulai 1 Oktober,https://finance.detik.com/energi/d-8138616/cek-harga-bbm-di-semua-spbu-pertamina-berlaku-mulai-1-oktober,harga beras jawa barat,2025-10-05 18:41:14,1 Oktober 2025,Rp 11.500; Rp 13.300; Rp 12.450; Rp 12.500; Rp 14.600; Rp 6.800; Rp 13.600; Rp 13.000; Rp 14.000; Rp 10.000; Rp 11.700; Rp 14.300; Rp 13.700; Rp 13.400; Rp 12.800; Rp 12.200; Rp 13.100; Rp 13.850,Jawa Barat,,,,,,
Detik.com,Alva Masih Punya Motor Listrik Lebih Murah dari N3,https://oto.detik.com/motor-listrik/d-8139813/alva-masih-punya-motor-listrik-lebih-murah-dari-n3,harga beras jawa barat,2025-10-05 18:41:15,,"20,5 juta; Rp 20,5 juta; Rp 13,5 juta; Rp 250 ribu; 13,5 juta; Rp 7 juta; 7 juta; 250 ribu",Jawa Barat,,,,,,
Detik.com,Mentan Klaim Harga Beras Sudah Turun,https://finance.detik.com/berita-ekonomi-bisnis/d-8068348/mentan-klaim-harga-beras-sudah-turun,harga beras jawa barat,2025-10-05 18:41:19,,"Rp 15.484/kg; Rp 6.620/kg; mencapai Rp 6.713; Rp 6.800; 200 ribu; Rp 14.531/kg; Rp 16.407/kg; Rp 13.905/kg; 300 ribu; Rp 6.713/kg; Rp 16.573/kg; 1,3 juta; Rp 6.500; Rp 6.511/kg; Rp 18.399/kg; Rp 6.500/kg; Rp 6.720/kg",Jawa Barat,Bekasi,,,,medium; premium,
Detik.com,Pemerintah Klaim Harga Beras Turun di 13 Provinsi,https://finance.detik.com/berita-ekonomi-bisnis/d-8071967/pemerintah-klaim-harga-beras-turun-di-13-provinsi,harga beras jawa barat,2025-10-05 18:41:23,20 Agustus 2025,"Rp 12.500 per kg; 3,9 juta; Rp 14.900 per kg; Rp 1.500; Rp 11.000/Kg; 1,3 juta",Jawa Barat,,,,,medium; premium,
Detik.com,"Lika-liku Mercy BJ Habibie: Dicicil RK, Disita KPK, Balik ke Anaknya",https://news.detik.com/berita/d-8138837/lika-liku-mercy-bj-habibie-dicicil-rk-disita-kpk-balik-ke-anaknya,harga beras jawa barat,2025-10-05 18:41:24,10 Maret 2025,"Rp 2,6; Rp 1,3",Jawa Barat,Bandung,Kuningan,,,,
Detik.com,"Muncul Isu Beras Oplosan di Babakan Cirebon, Begini Faktanya",https://www.detik.com/jabar/cirebon-raya/d-8130415/muncul-isu-beras-oplosan-di-babakan-cirebon-begini-faktanya,harga beras jawa barat,2025-10-05 18:41:28,,,,Cirebon,,,"Babakan; Babakan Cirebon, Begini Faktanya  Isu adanya beras oplosan plastik yang beredar di wilayah Kecamatan Babakan, Kabupaten Cirebon, akhirnya terbantahkan",premium,
Detik.com,Sejarah Berdirinya Gerwani dan Nasibnya Setelah G30S,https://www.detik.com/kalimantan/berita/d-8140830/sejarah-berdirinya-gerwani-dan-nasibnya-setelah-g30s,harga beras jawa barat,2025-10-05 18:41:29,4 Juni 1950,"1965, ribu; 3 juta",,Bandung,,,,,
Detik.com,"Polda Jabar Pastikan Stok Beras di Bandung Raya Aman, Harga Normal",https://www.detik.com/jabar/berita/d-8080746/polda-jabar-pastikan-stok-beras-di-bandung-raya-aman-harga-normal,harga beras jabar,2025-10-05 18:42:23,,Rp 13.500 per kilogram; Rp 14.900 per kilogram,Jawa Barat,Bandung,,,"Aman, Harga Normal  Di tengah kekhawatiran publik soal harga pangan dan kelangkaan beras; Bandung Raya; Bandung Raya Aman, Harga Normal  Di tengah kekhawatiran publik soal harga pangan dan kelangkaan beras, Polda Jaw",medium; premium,
Detik.com,Siasat Pedagang Beras Jahat di Jabar,https://www.detik.com/jabar/hukum-dan-kriminal/d-8048401/siasat-pedagang-beras-jahat-di-jabar,harga beras jabar,2025-10-05 18:42:23,,Rp7.000; harga Rp14.000; seharga Rp7.000; Rp14.000; Rp14.500 per kilogram; Rp13.200 per kilogram; Rp2; harga Rp7.000; Rp14.700.,Jawa Barat,Bandung; Bogor,Majalengka; Cianjur,,,medium; Pandan Wangi; premium; Slyp,
Detik.com,Senyum Bahagia Sony Bawa Pulang Beras Murah dari Polda Jabar,https://www.detik.com/jabar/berita/d-8058547/senyum-bahagia-sony-bawa-pulang-beras-murah-dari-polda-jabar,harga beras jabar,2025-10-05 18:42:44,,Rp3; Rp11 ribu; 69 ribu; Rp110 ribu; 11 ribu per kilogram; 4 ribu; 110 ribu,Jawa Barat,Bandung,,Cibiru,,,
Detik.com,"Beras Diduga Oplosan Beredar, Disperindag Jabar Uji Turun Tangan",https://www.detik.com/jabar/bisnis/d-8013929/beras-diduga-oplosan-beredar-disperindag-jabar-uji-turun-tangan,harga beras jabar,2025-10-05 18:42:52,,,Jawa Barat,Bandung,,,,premium,
Detik.com,"Beras Premium Kembali Dijual di Pasaran, Harga Turun!",https://finance.detik.com/berita-ekonomi-bisnis/d-8074008/beras-premium-kembali-dijual-di-pasaran-harga-turun,harga beras jabar,2025-10-05 18:43:06,20 Agustus 2025,"Rp 73.500/kg; Rp 74.500.; 3,9 juta; mencapai Rp 73.500; 1,3 juta; Rp 1.000",Jawa Barat,,,,,medium; premium,
Detik.com,"Jakarta-Bekasi Penghasil Sampah Terbanyak, Diminta Siapkan Lahan buat PLTSa",https://finance.detik.com/ekonomi-hijau/d-8141869/jakarta-bekasi-penghasil-sampah-terbanyak-diminta-siapkan-lahan-buat-pltsa,harga pangan jawa barat,2025-10-05 18:45:10,,,Jawa Barat,Cimahi; Bandung; Bekasi; Bogor,Garut; Sumedang,,,,
Detik.com,BPOM RI: 17 Persen Keracunan Pangan MBG Positif Bakteri Salmonella-Bacillus Cereus,https://health.detik.com/berita-detikhealth/d-8139211/bpom-ri-17-persen-keracunan-pangan-mbg-positif-bakteri-salmonella-bacillus-cereus,harga pangan jawa barat,2025-10-05 18:45:15,,,Jawa Barat,,,,,,
Detik.com,"Uji Sampel MBG Kasus Keracunan, BPOM Ungkap 17% Positif Bakteri",https://www.detik.com/kalimantan/berita/d-8139593/uji-sampel-mbg-kasus-keracunan-bpom-ungkap-17-positif-bakteri,harga pangan jawa barat,2025-10-05 18:45:23,,,Jawa Barat,,,,,,
Detik.com,Tanggal 2 Oktober 2025 Memperingati Apa? Ada Hari Batik Nasional dan 4 Lainnya,https://www.detik.com/jogja/berita/d-8140796/tanggal-2-oktober-2025-memperingati-apa-ada-hari-batik-nasional-dan-4-lainnya,harga pangan jawa barat,2025-10-05 18:45:25,2 Oktober 2025,,,Cirebon,,,,kualitas tinggi,
Detik.com,Pemkab Bogor Sudah Gelar 301 Gerakan Pangan Murah Sejak Januari 2025,https://www.detik.com/jabar/berita/d-8087669/pemkab-bogor-sudah-gelar-301-gerakan-pangan-murah-sejak-januari-2025,harga pangan jawa barat,2025-10-05 18:45:31,,,Jawa Barat,Bogor,,,,,
Detik.com,Pemkab Bogor Nyatakan Siap Dukung Penuh Pelaksanaan GPM Serentak Se-Jabar,https://www.detik.com/jabar/berita/d-8087667/pemkab-bogor-nyatakan-siap-dukung-penuh-pelaksanaan-gpm-serentak-se-jabar,harga pangan jawa barat,2025-10-05 18:45:32,,,Jawa Barat,Bogor,,,,,
Detik.com,Hasil Lab Ungkap Bakteri Penyebab 1.333 Siswa Bandung Barat Keracunan MBG,https://news.detik.com/berita/d-8134474/hasil-lab-ungkap-bakteri-penyebab-1-333-siswa-bandung-barat-keracunan-mbg,harga pangan jawa barat,2025-10-05 18:45:33,,,Jawa Barat,Bandung,Garut; Bandung Barat,,Cipongkor; Kadungora,,
Detik.com,"Jual Beli Mobil Bodong di Riau Terbongkar, 15 Unit Terjual dengan STNK Palsu",https://news.detik.com/melindungi-tuah-marwah/d-8138662/jual-beli-mobil-bodong-di-riau-terbongkar-15-unit-terjual-dengan-stnk-palsu,harga pangan jawa barat,2025-10-05 18:45:35,,Rp 80 juta; Rp 5 juta; 5 juta; 60 juta; 80 juta; Rp 60 juta,Jawa Barat,Sukabumi,,,"Dusun Toro Jaya, Desa Lubuk Kembang Bunga, Kecamatan Ukui, Kabupaten Pelalawan",,
Detik.com,Inflasi di Kota Sukabumi Cetak Rekor Tertinggi di Jawa Barat,https://www.detik.com/jabar/bisnis/d-7904943/inflasi-di-kota-sukabumi-cetak-rekor-tertinggi-di-jawa-barat,inflasi pangan jawa barat,2025-10-05 18:48:04,,,Jawa Barat,Depok; Sukabumi; Bogor,,,,,
Detik.com,Inflasi Kota Sukabumi Tertinggi di Jawa Barat,https://www.detik.com/jabar/bisnis/d-7714692/inflasi-kota-sukabumi-tertinggi-di-jawa-barat,inflasi pangan jawa barat,2025-10-05 18:48:05,,,Jawa Barat,Bandung; Sukabumi,,,,,
Detik.com,"Poros Pelajar Jabar Sorot MBG, Ajukan Desentralisasi Pengelolaan",https://www.detik.com/jabar/berita/d-8144290/poros-pelajar-jabar-sorot-mbg-ajukan-desentralisasi-pengelolaan,inflasi pangan jawa barat,2025-10-05 18:48:06,25 September 2025,,Jawa Barat,Tasikmalaya; Bandung,Cianjur; Garut; Bandung Barat,,,,
Detik.com,"Panen Raya Padi di Bandung, Rajiv Tegaskan Dukungan NasDem untuk Petani",https://news.detik.com/berita/d-8143964/panen-raya-padi-di-bandung-rajiv-tegaskan-dukungan-nasdem-untuk-petani,inflasi pangan jawa barat,2025-10-05 18:48:09,,,Jawa Barat,Bandung,,,,,
Detik.com,Inflasi Kabupaten Subang Tertinggi di Jawa Barat,https://www.detik.com/jabar/bisnis/d-7277921/inflasi-kabupaten-subang-tertinggi-di-jawa-barat,inflasi pangan jawa barat,2025-10-05 18:48:10,,161 ribu,Jawa Barat,Bandung,Subang,,,,
Detik.com,Mendagri Tegaskan Anggaran Kemendagri & BNPP Harus Tepat Sasaran,https://news.detik.com/berita/d-8133943/mendagri-tegaskan-anggaran-kemendagri-bnpp-harus-tepat-sasaran,inflasi pangan jawa barat,2025-10-05 18:48:20,28 September 2025,,Jawa Barat,Bogor,,,,,
Detik.com,"Harga Kebutuhan Naik, Sukabumi Cetak Rekor Inflasi Tertinggi di Jabar",https://www.detik.com/jabar/bisnis/d-8017206/harga-kebutuhan-naik-sukabumi-cetak-rekor-inflasi-tertinggi-di-jabar,inflasi pangan jawa barat,2025-10-05 18:48:22,,,Jawa Barat,Sukabumi,,,,,
Detik.com,"Ekonomi Jatim Tumbuh Tertinggi Se-Jawa, Begini Komitmen Khofifah",https://www.detik.com/jatim/bisnis/d-8048659/ekonomi-jatim-tumbuh-tertinggi-se-jawa-begini-komitmen-khofifah,inflasi pangan jawa barat,2025-10-05 18:48:32,5 Agustus 2025,,Jawa Barat,,,,,,
Detik.com,Sederet Kasus Keracunan MBG: Dari Ikan Hiu di Kalbar hingga Ribuan Siswa di Jabar,https://health.detik.com/berita-detikhealth/d-8132451/sederet-kasus-keracunan-mbg-dari-ikan-hiu-di-kalbar-hingga-ribuan-siswa-di-jabar,inflasi pangan jawa barat,2025-10-05 18:48:36,20 September 2025,,Jawa Barat,Bandung,Garut; Sumedang; Bandung Barat,,,,
Detik.com,Curhat Warga Tasik soal Ekonomi Sulit di Tengah Kenaikan Inflasi,https://www.detik.com/jabar/bisnis/d-8056912/curhat-warga-tasik-soal-ekonomi-sulit-di-tengah-kenaikan-inflasi,inflasi pangan jawa barat,2025-10-05 18:48:41,,Rp 100; seharga Rp 20; harga Rp 20; 300 ribu; Rp 20 ribu; 50 ribu; Rp 300 ribu; 20 ribu; Rp 50 ribu,,Tasikmalaya,,,Ir Djuanda; Bungursari Kota Tasikmalaya,,
Detik.com,"20 Contoh Soal TKA SMA Mapel Bahasa Indonesia Tingkat Lanjut, Cek Kisi-kisinya!",https://www.detik.com/edu/detikpedia/d-8138164/20-contoh-soal-tka-sma-mapel-bahasa-indonesia-tingkat-lanjut-cek-kisi-kisinya,inflasi pangan jawa barat,2025-10-05 18:48:42,,Rp450 juta; 450 juta; mencapai Rp476; Rp476,Jawa Barat,Sukabumi,,,,,
Detik.com,"Kota Sukabumi Ranking 1 Inflasi Juli di Jabar, Ini Penyebabnya",https://www.detik.com/jabar/bisnis/d-8057681/kota-sukabumi-ranking-1-inflasi-juli-di-jabar-ini-penyebabnya,inflasi pangan jawa barat,2025-10-05 18:48:43,,,Jawa Barat,Bandung; Sukabumi,,,,,
Detik.com,Legislator Rajiv Jenguk Korban Keracunan MBG di Dapil Posko KLB Cipongkor,https://news.detik.com/berita/d-8132168/legislator-rajiv-jenguk-korban-keracunan-mbg-di-dapil-posko-klb-cipongkor,inflasi pangan jawa barat,2025-10-05 18:48:45,,,Jawa Barat,Bandung,Bandung Barat,,,,
Detik.com,Pasokan Telur & Cabai ke Jakarta-Jabar Terancam Seret!,https://finance.detik.com/berita-ekonomi-bisnis/d-7978884/pasokan-telur-cabai-ke-jakarta-jabar-terancam-seret,inflasi pangan jawa barat,2025-10-05 18:48:47,,,Jawa Barat,,,,,,
Detik.com,"Densus 88 Temui Eks Napiter, Beri Motivasi Kembangkan Ketahanan Pangan",https://news.detik.com/berita/d-8127333/densus-88-temui-eks-napiter-beri-motivasi-kembangkan-ketahanan-pangan,inflasi pangan jawa barat,2025-10-05 18:48:55,,,Jawa Barat,,Majalengka; Subang,,,,
Detik.com,"Harga Ayam di Kalimantan Selatan Anjlok, Terendah Ketiga Se-Indonesia",https://www.detik.com/kalimantan/berita/d-7979959/harga-ayam-di-kalimantan-selatan-anjlok-terendah-ketiga-se-indonesia,inflasi pangan jawa barat,2025-10-05 18:48:56,,Rp 18.433/kg; Rp 18.000 per kilogram; Rp 28.897/kg; 28 ribu; Rp 30.166/kg; Rp 25.000 per kilogram; Rp 19.526/kg; Rp 27.336/kg; Rp 19.971/kg; Rp 28 ribu; Rp 40.000/kg; Rp 31.015/kg; Rp 18.875/kg; Rp 18.375 per kilogram; Rp 34.856/kg; Rp 18.222/kg; Rp 28.907/kg; Rp 31.619/kg; Rp 30.020/kg; Rp 20.142/kg,Jawa Barat,,,,,,
Detik.com,5 Biang Kerok Harga Ayam Anjlok,https://finance.detik.com/berita-ekonomi-bisnis/d-7978997/5-biang-kerok-harga-ayam-anjlok,inflasi pangan jawa barat,2025-10-05 18:48:57,,Rp 18.433/kg; Rp 28.897/kg; Rp 28.907/kg; Rp 18.000/kg; Rp 18.875/kg; Rp 25.000/kg; Rp 30.166/kg; Rp 31.015/kg; Rp 30.020/kg; Rp 31.619/kg; Rp 27.336/kg; Rp 20.142/kg; Rp 19.971/kg; Rp 40.000/kg; Rp 34.856/kg; Rp 19.526/kg; Rp 18.222/kg; Rp 18.375,Jawa Barat,,,,,,
Detik.com,Satgas Pangan Ungkap Biang Kerok Harga Ayam Anjlok,https://finance.detik.com/berita-ekonomi-bisnis/d-7978267/satgas-pangan-ungkap-biang-kerok-harga-ayam-anjlok,inflasi pangan jawa barat,2025-10-05 18:48:58,,Rp 18.433/kg; Rp 28.897/kg; Rp 28.907/kg; Rp 18.000/kg; Rp 18.875/kg; Rp 25.000/kg; Rp 30.166/kg; Rp 31.015/kg; Rp 30.020/kg; Rp 31.619/kg; Rp 27.336/kg; Rp 20.142/kg; Rp 19.971/kg; Rp 40.000/kg; Rp 34.856/kg; Rp 19.526/kg; Rp 18.222/kg; Rp 18.375,Jawa Barat,,,,,,
Detik.com,Dirut Pertamina Pantau Kesiapan Satgas-Stok BBM di Jawa Barat,https://finance.detik.com/energi/d-7280831/dirut-pertamina-pantau-kesiapan-satgas-stok-bbm-di-jawa-barat,stok beras jawa barat,2025-10-05 18:49:58,5 April 2024,,Jawa Barat,Bandung,,,"Soekarno Hatta, Bandung, dikutip dari keterangan pers; Soekarno Hatta dan Padalarang, Bandung, kantor Pertamina Contact Center 135, Fuel Terminal Padalarang",,
Detik.com,Kenapa Shell Belum Beli BBM dari Pertamina?,https://oto.detik.com/berita/d-8140751/kenapa-shell-belum-beli-bbm-dari-pertamina,stok beras jawa barat,2025-10-05 18:49:59,17 Juli 2025,,Jawa Barat,,,,,,
Detik.com,Melihat Stok Beras Perum Bulog di Gudang Cimahi,https://finance.detik.com/foto-bisnis/d-5501707/melihat-stok-beras-perum-bulog-di-gudang-cimahi,stok beras jawa barat,2025-10-05 18:50:00,,,Jawa Barat,Cimahi,,,,,
Detik.com,Dijamin Aman! Segini Stok BBM-LPG di Jakarta hingga Jawa Barat,https://finance.detik.com/energi/d-7258748/dijamin-aman-segini-stok-bbm-lpg-di-jakarta-hingga-jawa-barat,stok beras jawa barat,2025-10-05 18:50:01,22 Maret 2024,,Jawa Barat,,,,,,
Detik.com,Satu-satunya SPBU Shell di Jabodetabek yang Jual BBM Super,https://oto.detik.com/berita/d-8137059/satu-satunya-spbu-shell-di-jabodetabek-yang-jual-bbm-super,stok beras jawa barat,2025-10-05 18:50:02,29 September 2025,100 ribu,Jawa Barat,Depok; Cirebon; Bekasi; Bogor,,,,super,
Detik.com,Beras Organik Tasikmalaya Berjuang Menuju Pasar Eropa,https://www.detik.com/jabar/bisnis/d-8132832/beras-organik-tasikmalaya-berjuang-menuju-pasar-eropa,stok beras jawa barat,2025-10-05 18:50:03,,,Jawa Barat,Tasikmalaya; Bandung,,,Cipatujah; Eropa  Kabupaten Tasikmalaya,organik,
Detik.com,Satgas Pangan Polres Depok Cek Stok hingga Harga Beras Bareng Pemkot,https://news.detik.com/berita/d-8060958/satgas-pangan-polres-depok-cek-stok-hingga-harga-beras-bareng-pemkot,stok beras jawa barat,2025-10-05 18:50:08,,,Jawa Barat,Depok,,,"Cisalak; Cipinang; Pasar Agung, Pasar Cisalak, Pasar Musi, terus warung-warung sekitar wilayah Depok",premium,
Detik.com,Mentan Pede RI Swasembada Beras Tahun Ini,https://finance.detik.com/berita-ekonomi-bisnis/d-8068443/mentan-pede-ri-swasembada-beras-tahun-ini,stok beras jawa barat,2025-10-05 18:50:09,,34 juta; 4 juta; 1 juta,Jawa Barat,Bekasi,,,,,
Detik.com,"Harga Beras di Jepang Naik Parah hingga Warganya Antre, Begini Kondisi di RI",https://finance.detik.com/berita-ekonomi-bisnis/d-8076436/harga-beras-di-jepang-naik-parah-hingga-warganya-antre-begini-kondisi-di-ri,stok beras jawa barat,2025-10-05 18:50:09,26 Agustus 2025,"35,6 juta; 4 juta; 4,2 juta; 30,62 juta; 7 juta; 1 juta",Jawa Barat,,,,,medium; premium,
Detik.com,Ombudsman Ungkap Beras di Penggilingan dan Ritel Modern Langka,https://finance.detik.com/berita-ekonomi-bisnis/d-8051762/ombudsman-ungkap-beras-di-penggilingan-dan-ritel-modern-langka,stok beras jawa barat,2025-10-05 18:50:10,,2 ribu; 30 ribu; 5 ribu,Jawa Barat,,Karawang,,Tempuran,super,
Detik.com,Ombudsman Ungkap Beras Sisa Impor Menumpuk Setahun di Gudang Bulog,https://finance.detik.com/berita-ekonomi-bisnis/d-8052187/ombudsman-ungkap-beras-sisa-impor-menumpuk-setahun-di-gudang-bulog,stok beras jawa barat,2025-10-05 18:50:12,,2 ribu; 30 ribu; 5 ribu,Jawa Barat,,Karawang,,Tempuran,,
Detik.com,"Panen Raya di 10 Provinsi, Pasokan Beras Nasional Sangat Aman & Terkendali",https://finance.detik.com/berita-ekonomi-bisnis/d-8095892/panen-raya-di-10-provinsi-pasokan-beras-nasional-sangat-aman-terkendali,stok beras jawa barat,2025-10-05 18:50:12,1 September 2025,"97,94 ribu; 113,46 ribu; 3,7 juta; 53,87 juta; 15,80 juta; 235,57 ribu",Jawa Barat,,Indramayu,,,,
Detik.com,Kemendag Buka-bukaan Alasan Ritel Tarik Beras Buntut Kasus Oplosan,https://finance.detik.com/berita-ekonomi-bisnis/d-8044577/kemendag-buka-bukaan-alasan-ritel-tarik-beras-buntut-kasus-oplosan,stok beras jawa barat,2025-10-05 18:50:13,,,Jawa Barat,,,,,premium,
Detik.com,"Beras Premium Sudah Dijual Lagi di Toko Ritel, Harga Turun Rp 1.000",https://finance.detik.com/berita-ekonomi-bisnis/d-8074540/beras-premium-sudah-dijual-lagi-di-toko-ritel-harga-turun-rp-1-000,stok beras jawa barat,2025-10-05 18:50:14,20 Agustus 2025,"Rp 73.500/kg; Rp 74.500.; 3,9 juta; mencapai Rp 73.500; 1,3 juta; Rp 1.000",Jawa Barat,,,,,medium; premium,
Detik.com,Stok Beras di Kota Bandung Dipastikan Aman,https://www.detik.com/jabar/bisnis/d-8092754/stok-beras-di-kota-bandung-dipastikan-aman,stok beras jawa barat,2025-10-05 18:50:19,,"Rp 94.500; Rp 13,5 ribu; Rp 74.500.; harga Rp 94.500; Rp 18 ribu; Rp 107.700.; 18 ribu per kilogram; 13,5 ribu",Jawa Barat,Bandung,,,,medium; premium,
Detik.com,"Harga Beras Naik Meski Stok Melimpah, Pemerintah Diminta Lakukan Ini",https://finance.detik.com/berita-ekonomi-bisnis/d-7987714/harga-beras-naik-meski-stok-melimpah-pemerintah-diminta-lakukan-ini,stok beras jawa barat,2025-10-05 18:50:21,,"Rp 15.847 per kg; 3,2 juta; 4,239 juta; Rp 14.073 per kg; Rp 12.500 per kg; mencapai Rp 15.847; 3 juta; Rp 14.900 per kg; 2,63 juta; mencapai Rp 14.073; 18,76 juta; 0,63 juta; 181 ribu",Jawa Barat,,,,,medium; premium,
Detik.com,"Polsek Cileungsi Bagikan Bantuan Beras, Warga Bogor Antusias",https://news.detik.com/berita/d-8132438/polsek-cileungsi-bagikan-bantuan-beras-warga-bogor-antusias,stok beras jawa barat,2025-10-05 18:50:23,,,Jawa Barat,Bekasi; Bogor,,,,,
Detik.com,"Pembelian Beras SPHP Bulog Dibatasi 2 Kemasan Per Orang, Ini Alasannya",https://finance.detik.com/berita-ekonomi-bisnis/d-8068547/pembelian-beras-sphp-bulog-dibatasi-2-kemasan-per-orang-ini-alasannya,stok beras jawa barat,2025-10-05 18:50:23,,,Jawa Barat,Bekasi,,,,premium,
Detik.com,Eddy Soeparno Puji Pemerintah Capai Stok Beras Tertinggi dalam 57 Tahun,https://news.detik.com/berita/d-7900285/eddy-soeparno-puji-pemerintah-capai-stok-beras-tertinggi-dalam-57-tahun,stok beras jawa barat,2025-10-05 18:50:31,4 Mei 2025,"18,76 juta; 3,5 juta; 1,8 juta; 1,7 juta",Jawa Barat,Bogor,Cianjur,,,,
Detik.com,"Disertasi Ketahanan Pangan, Praktisi Media Ridwan Dalimunthe Raih Gelar Doktor",https://news.detik.com/berita/d-7981335/disertasi-ketahanan-pangan-praktisi-media-ridwan-dalimunthe-raih-gelar-doktor,stok beras jawa barat,2025-10-05 18:50:33,,Rp 16,Jawa Barat,,,,,,
Detik.com,Bapanas Surati Pengusaha Minta Kembalikan Beras ke Ritel,https://finance.detik.com/berita-ekonomi-bisnis/d-8048350/bapanas-surati-pengusaha-minta-kembalikan-beras-ke-ritel,stok beras jawa barat,2025-10-05 18:50:34,4 Agustus 2025,,Jawa Barat,,,,,premium,
Detik.com,"Stok Aman, Serapan Pupuk Subsidi di Bandung Masih Rendah",https://www.detik.com/jabar/berita/d-8128630/stok-aman-serapan-pupuk-subsidi-di-bandung-masih-rendah,stok beras jawa barat,2025-10-05 18:50:43,,,Jawa Barat,Bandung,Bandung Barat,,Nagreg,organik,
Detik.com,"RI Disebut Mau Ekspor Beras ke Malaysia, Mendag: Ya Kita Siap Saja",https://finance.detik.com/berita-ekonomi-bisnis/d-7919503/ri-disebut-mau-ekspor-beras-ke-malaysia-mendag-ya-kita-siap-saja,stok beras jawa barat,2025-10-05 18:50:45,,"600 ribu; 34,6 juta; 3,7 juta; 2,5 juta",Jawa Barat,,Karawang,,,,
Detik.com,Dilema Toko Ritel: Diminta Tetap Jual Beras Oplosan Kala Ada Ancaman Demo,https://finance.detik.com/berita-ekonomi-bisnis/d-8038797/dilema-toko-ritel-diminta-tetap-jual-beras-oplosan-kala-ada-ancaman-demo,stok beras jawa barat,2025-10-05 18:50:45,,,Jawa Barat,,,,,premium,
Detik.com,"Harga Beras di Bandung Naik, Pedagang Elus Dada-Pembeli Kurangi Belanja",https://www.detik.com/jabar/bisnis/d-8096346/harga-beras-di-bandung-naik-pedagang-elus-dada-pembeli-kurangi-belanja,harga beras bandung,2025-10-05 18:51:40,,"Rp16.000 per kilogram; Rp500,; Rp1000,; Rp14.000; Rp1.000 per kilogram; Rp500; Rp15.000 per kilogram",,Bandung,,,Sehat Soreang,medium; premium,
Detik.com,"Harga Beras di Bandung Rata-rata Naik Rp 3 Ribu, Ini Penyebabnya",https://20.detik.com/detikupdate/20240216-240216097/harga-beras-di-bandung-rata-rata-naik-rp-3-ribu-ini-penyebabnya,harga beras bandung,2025-10-05 18:51:41,,3 Ribu; Rp 3 ribu; Rp 3 Ribu; mencapai Rp 3; 3 ribu,,Bandung,,,,,
Detik.com,Antrean Panjang di Operasi Pasar Beras di Bandung,https://finance.detik.com/foto-bisnis/d-6939212/antrean-panjang-di-operasi-pasar-beras-di-bandung,harga beras bandung,2025-10-05 18:51:55,,,,Bandung,,,Beras di Bandung  Bandung; Operasi Pasar Beras di Bandung  Bandung- Operasi pasar murah untuk beras medium digelar di Bandung,medium,
Detik.com,Video: Pemkot Bandung Jamin Stok-Harga Beras Aman Selama Ramadan,https://20.detik.com/detikupdate/20250226-250226134/video-pemkot-bandung-jamin-stok-harga-beras-aman-selama-ramadan,harga beras bandung,2025-10-05 18:52:04,,,,Bandung,,,,,
Detik.com,Jokowi ke Bekasi: Tinjau Gudang Bulog-Beri Bantuan Beras,https://20.detik.com/detikupdate/20240216-240216064/jokowi-ke-bekasi-tinjau-gudang-bulog-beri-bantuan-beras,harga beras bekasi,2025-10-05 18:53:11,,,Jawa Barat,Bekasi,,,,,
Detik.com,Antusias Warga Tambun Beli Beras Murah SPHP,https://finance.detik.com/foto-bisnis/d-7247739/antusias-warga-tambun-beli-beras-murah-sphp,harga beras bekasi,2025-10-05 18:53:12,,,,Bekasi,,,"Kantor Kecamatan Tambun Selatan, Bekasi; Tambun Selatan",,
Detik.com,Ekspresi Kecewa Warga Babelan Tak Kebagian Beras Murah,https://finance.detik.com/foto-bisnis/d-7202286/ekspresi-kecewa-warga-babelan-tak-kebagian-beras-murah,harga beras bekasi,2025-10-05 18:53:19,,,,Bekasi,,,,,
Detik.com,Polisi Temukan Beras Bulog Dijual dengan Harga Premium Beredar di Bogor,https://www.detik.com/jabar/hukum-dan-kriminal/d-8047945/polisi-temukan-beras-bulog-dijual-dengan-harga-premium-beredar-di-bogor,harga beras bogor,2025-10-05 18:54:29,,"Rp1,4",Jawa Barat,Bandung; Bogor,,,,medium; super; premium; Slyp,
Detik.com,Polresta Bogor Amankan Juru Parkir Suryakencana yang Viral Getok Harga,https://news.detik.com/berita/d-8127999/polresta-bogor-amankan-juru-parkir-suryakencana-yang-viral-getok-harga,harga beras bogor,2025-10-05 18:54:38,,Rp 100 ribu; 100 ribu; 50 ribu; Rp 50 ribu,Jawa Barat,Bogor,,,Suryakencana,,
Detik.com,Bupati Bogor Salurkan 25 Ton Beras Lewat Gerakan Pangan Murah,https://www.detik.com/jabar/berita/d-8058958/bupati-bogor-salurkan-25-ton-beras-lewat-gerakan-pangan-murah,harga beras bogor,2025-10-05 18:54:45,,,,Bogor,,,,,
Detik.com,"Sidak Pasar Sukasari, Walkot Bogor Pastikan Tak Ada Beras Oplosan",https://news.detik.com/berita/d-8033095/sidak-pasar-sukasari-walkot-bogor-pastikan-tak-ada-beras-oplosan,harga beras bogor,2025-10-05 18:54:46,,,,Bogor,,Sukasari,Sukasari dipastikan aman; Sukasari ini tidak ada beras oplosan; Cipinang; Sukasari,medium; premium,
Detik.com,"Serba Salah Petani Garam Cirebon: Harga Bagus, Produksi Seret",https://www.detik.com/jabar/berita/d-8083674/serba-salah-petani-garam-cirebon-harga-bagus-produksi-seret,harga beras cirebon,2025-10-05 18:56:16,,. Ribu; Rp900; Rp1.000 per kilogram,Jawa Barat,Cirebon,,,Pangenan dan sekitarnya mulai digarap,,
Detik.com,Demo Teduh Ojol di Tasikmalaya: Perut Kenyang-Pulang Bawa Beras,https://www.detik.com/jabar/berita/d-8090681/demo-teduh-ojol-di-tasikmalaya-perut-kenyang-pulang-bawa-beras,harga beras tasikmalaya,2025-10-05 19:00:35,,,,Tasikmalaya,,,,,
Detik.com,"Tambang Ilegal Ditertibkan, Harga Pasir Tasikmalaya Meroket",https://www.detik.com/jabar/berita/d-7948038/tambang-ilegal-ditertibkan-harga-pasir-tasikmalaya-meroket,harga beras tasikmalaya,2025-10-05 19:00:55,,350 ribu; Rp 250 ribu; Rp 350 ribu; 300 ribu; mencapai Rp 250; Rp 300 ribu; 220 ribu; 280 ribu; Rp 280 ribu; 250 ribu; Rp 220 ribu,Jawa Barat,Tasikmalaya; Cirebon,,,"Sukaratu Kabupaten Tasikmalaya; Desa Mekarjaya, Desa Padakembang dan Desa Sinagar Kecamatan Sukaratu Kabupaten Tasikmalaya,"" kata Pepen; Bungursari dan Mangkubumi; Indihiang",,
Detik.com,"Serapan Gabah Tinggi, Bulog Indramayu Tak Lagi Impor Beras",https://www.detik.com/jabar/cirebon-raya/d-7909685/serapan-gabah-tinggi-bulog-indramayu-tak-lagi-impor-beras,harga beras indramayu,2025-10-05 19:05:31,,77 ribu; Rp6.500 per kilogram,Jawa Barat,,Indramayu,,,,
Detik.com,Harga Sembako Jogja Hari Ini 3 Agustus 2025: Beras Medium Naik Segini,https://www.detik.com/jogja/bisnis/d-8042724/harga-sembako-jogja-hari-ini-3-agustus-2025-beras-medium-naik-segini,harga beras medium,2025-10-05 19:15:28,3 Agustus 2025,"Rp 13.463,; Rp 13.523.; Rp 12.500; Rp 12.850.; Rp 12.500 per kilogram; Rp 13.000; Rp 13.257; Rp 13.200.; 13 ribu; Rp 12.850; harga Rp 13.463,; Rp 30.409/kg; Rp 13.417",Jawa Barat,,,,,medium,
Detik.com,"Resep Wadai Banjar Putri Selat, Kue Legendaris dengan Rasa Gurih Manis",https://www.detik.com/kalimantan/kuliner/d-8131947/resep-wadai-banjar-putri-selat-kue-legendaris-dengan-rasa-gurih-manis,harga beras pandan wangi,2025-10-05 19:16:46,,,,Banjar,,,,,
Detik.com,Polda Jabar Temukan 12 Merek Beras Premium Palsu Beredar di Pasaran,https://www.detik.com/jabar/hukum-dan-kriminal/d-8047805/polda-jabar-temukan-12-merek-beras-premium-palsu-beredar-di-pasaran,harga beras pandan wangi,2025-10-05 19:16:48,,Rp14.000; Rp14.500 per kilogram; Rp14.400; Rp13.200 per kilogram; Rp2; harga Rp7.000; Rp14.700 per kilogram; Rp7.000 per kilogram,Jawa Barat,Bandung; Bogor,Majalengka; Cianjur,,,medium; Pandan Wangi; premium; Slyp,
Detik.com,Apa Itu Beras Oplosan dan 7 Cara Mengenalinya,https://www.detik.com/jabar/berita/d-8026775/apa-itu-beras-oplosan-dan-7-cara-mengenalinya,harga beras pandan wangi,2025-10-05 19:16:50,16 Juli 2025,Rp 100; 3 juta; Rp 5.000,,,Kuningan,,,kualitas baik; medium; Pandan Wangi; kualitas rendah; premium,
Detik.com,"7 Ciri-ciri Beras Oplosan, Ini Bahaya dan Perbedaannya dengan yang Asli",https://www.detik.com/jogja/kuliner/d-8015686/7-ciri-ciri-beras-oplosan-ini-bahaya-dan-perbedaannya-dengan-yang-asli,harga beras pandan wangi,2025-10-05 19:16:57,,,,,Kuningan,,,kualitas baik; Pandan Wangi,
Detik.com,Jabar Hari Ini: Demul Digugat Organisasi Sekolah Swasta,https://www.detik.com/jabar/berita/d-8048279/jabar-hari-ini-demul-digugat-organisasi-sekolah-swasta,harga beras pandan wangi,2025-10-05 19:17:02,26 Juni 2025,Rp10; Rp14.000; Rp14.500 per kilogram; Rp14.400; Rp13.200 per kilogram; Rp2; harga Rp7.000; Rp14.700 per kilogram; Rp7.000 per kilogram; 15 juta,Jawa Barat,Bandung; Cirebon; Sukabumi; Bogor,Majalengka; Kuningan; Garut; Cianjur; Indramayu,,Indramayu; Tegalbuleud,medium; Pandan Wangi; premium; Slyp,
Detik.com,Beras Oplosan Dicampur Pakai Apa? Simak Bahaya dan Ciri-cirinya,https://www.detik.com/jatim/berita/d-8012847/beras-oplosan-dicampur-pakai-apa-simak-bahaya-dan-ciri-cirinya,harga beras pandan wangi,2025-10-05 19:17:22,,,,,Kuningan,,,kualitas tinggi; premium; kualitas rendah,
Detik.com,"6 Cara Mengenali Beras Oplosan di Pasaran, Hati-hati Terkecoh",https://food.detik.com/info-kuliner/d-8013802/6-cara-mengenali-beras-oplosan-di-pasaran-hati-hati-terkecoh,harga beras pandan wangi,2025-10-05 19:17:23,,,,,Kuningan,,,kualitas tinggi; kualitas rendah,
Detik.com,5 Bika Ambon Enak Harga Ekonomis Buat Suguhan Lebaran,https://food.detik.com/info-kuliner/d-7823427/5-bika-ambon-enak-harga-ekonomis-buat-suguhan-lebaran,harga beras pandan wangi,2025-10-05 19:17:23,,65 ribu; Rp 195 ribu; Rp 150 ribu; Rp 80.500; 60 ribu; Rp 65 ribu; 80 ribu; 150 ribu; 90 ribu; 195 ribu; Rp 60 ribu; Rp 80 ribu; Rp 90 ribu; Rp 83.000,,Depok; Bogor,,,"Hadiah Utama 1 Kav. Polri F5 No.1517A. Banyak yang bilang bika ambon di sini legit, wangi; Cempaka Putih Raya Nomor 110, Jakarta Pusat",medium,
Detik.com,5 Kue Basah Khas Banjarmasin yang Cocok Disantap untuk Takjil,https://www.detik.com/kalimantan/kuliner/d-7828995/5-kue-basah-khas-banjarmasin-yang-cocok-disantap-untuk-takjil,harga beras pandan wangi,2025-10-05 19:17:28,,,,Banjar,,,,,
Detik.com,TPU dan Pasar di Tasikmalaya Meriah Jelang Ramadan,https://www.detik.com/jabar/berita/d-7799871/tpu-dan-pasar-di-tasikmalaya-meriah-jelang-ramadan,harga beras pandan wangi,2025-10-05 19:17:29,,Rp 120; 130 ribu; Rp 2.500.; Rp 29; 30 ribu per kilogram; Rp 35 ribu; harga Rp 2.500.; 140 ribu; Rp 140 ribu; harga Rp 120; 35 ribu,,Tasikmalaya,,,Indihiang Kota Tasikmalaya; Cikurubuk,,
Detik.com,Mendag Busan Optimis Swasembada Pangan Dapat Terwujud Asal Profesional,https://finance.detik.com/berita-ekonomi-bisnis/d-7708326/mendag-busan-optimis-swasembada-pangan-dapat-terwujud-asal-profesional,harga beras pandan wangi,2025-10-05 19:17:29,29/12/2024,"56,73 ribu; 608,56 ribu; 32,68 juta; 509,91 ribu; 10,05 ribu; 13,60 ribu",,Bandung,,,,premium; Pandan Wangi,
Detik.com,"Cara Membedakan Beras Asli dan Oplosan, Ini Tipsnya",https://www.detik.com/jatim/berita/d-8009188/cara-membedakan-beras-asli-dan-oplosan-ini-tipsnya,harga beras pandan wangi,2025-10-05 19:17:30,,,,Bogor,Kuningan,,,premium,
Detik.com,"21 Makanan Khas Kalimantan Timur, Menggugah Selera nan Wajib Dicoba!",https://www.detik.com/kalimantan/kuliner/d-8122334/21-makanan-khas-kalimantan-timur-menggugah-selera-nan-wajib-dicoba,harga beras pandan wangi,2025-10-05 19:17:36,,,,Banjar,,,,,
Detik.com,Menilik Koleksi Tanaman dan Anggrek Langka di Kebun Raya Kuningan,https://www.detik.com/jabar/cirebon-raya/d-7915692/menilik-koleksi-tanaman-dan-anggrek-langka-di-kebun-raya-kuningan,harga beras pandan wangi,2025-10-05 19:17:37,,Rp 10.000; Rp 5.000,,,Kuningan,,"Kuningan juga memiliki koleksi tanaman langka lain; Kuningan yang berlokasi di Padabeunghar, Kecamatan Pasawahan; Liwa, Kabupaten Lampung; Pasawahan; Padabeunghar, Kecamatan Pasawahan, Kabupaten Kuningan; Kebun Raya Kuningan  Di Kebun Raya Kuningan terdapat sebuah ruangan yang menyimpan aneka jenis anggrek langka; Kuningan Dedi. Tidak jauh dari anggrek selop, terdapat anggrek tebu yang keberadaannya mulai sulit ditemui. Menurut Dedi",,
Detik.com,"Mengular Panjang, Begini Antrean Operasi Pasar Beras Murah di Bandung",https://finance.detik.com/foto-bisnis/d-6582632/mengular-panjang-begini-antrean-operasi-pasar-beras-murah-di-bandung,operasi pasar beras jawa barat,2025-10-05 19:18:38,,,Jawa Barat,Bandung,,Antapani,Beras Murah di Bandung  Jakarta,medium,
Detik.com,"Pasar Pangan Murah Pemerintah Raup Omzet Rp 39,3 M",https://finance.detik.com/berita-ekonomi-bisnis/d-7849152/pasar-pangan-murah-pemerintah-raup-omzet-rp-39-3-m,operasi pasar beras jawa barat,2025-10-05 19:18:50,28 Maret 2025,"Rp75.000 per kg; Rp 6,7; Rp14.700 per kg; Rp34.000 per kg; Rp12.000 per kg; Rp 39,3; harga Rp12.000; seharga Rp12.000; Rp 3,64; mencapai Rp 39,3; Rp15.000 per kg; Rp 5,6",Jawa Barat,,,,Pangan Murah AgriPost sepanjang Ramadan tahun; Pangan Murah digelar pada; Pangan Murah Pemerintah Raup Omzet Rp; Pangan Murah melibatkan PT Pos Indonesia; Pangan Murah mencatat,premium,
Detik.com,"Usut Kasus Beras Oplosan, Bareskrim Geledah Gudang di 3 Kota",https://news.detik.com/berita/d-8026563/usut-kasus-beras-oplosan-bareskrim-geledah-gudang-di-3-kota,operasi pasar beras jawa barat,2025-10-05 19:18:59,,,Jawa Barat,,Subang,,,medium; premium,
Detik.com,Mentan Ungkap Penyebab Penggilingan Padi Kecil Tutup,https://finance.detik.com/berita-ekonomi-bisnis/d-8064834/mentan-ungkap-penyebab-penggilingan-padi-kecil-tutup,operasi pasar beras jawa barat,2025-10-05 19:19:01,,"2,8 juta; 23 juta; Rp 6.500,; 34 juta; Rp 7.000.; Rp 6.700.; 65 juta; 165 juta; Rp 6.700,; 116 juta",Jawa Barat,,,,,super; premium,
Detik.com,Dirut Bulog Wajibkan Beli Beras SPHP Lewat Aplikasi Agar Tak Dioplos,https://finance.detik.com/berita-ekonomi-bisnis/d-8068665/dirut-bulog-wajibkan-beli-beras-sphp-lewat-aplikasi-agar-tak-dioplos,operasi pasar beras jawa barat,2025-10-05 19:19:09,,,Jawa Barat,Bekasi,,,Merah Putih,premium,
Detik.com,"Polres Bogor Gelar Gerakan Pangan Murah Sambut HUT Ke-80 RI, Diserbu Masyarakat",https://news.detik.com/berita/d-8059116/polres-bogor-gelar-gerakan-pangan-murah-sambut-hut-ke-80-ri-diserbu-masyarakat,operasi pasar beras jawa barat,2025-10-05 19:19:11,,harga Rp 80; seharga Rp 80; 80 ribu; Rp 30 ribu; 30 ribu; Rp 80 ribu; 55 ribu; Rp 55 ribu,Jawa Barat,Bogor,,,,,
Detik.com,Kenyal Manis! Ini 7 Kue Tradisional Indonesia Berbahan Tepung Beras,https://food.detik.com/info-kuliner/d-8060756/kenyal-manis-ini-7-kue-tradisional-indonesia-berbahan-tepung-beras,operasi pasar beras jawa barat,2025-10-05 19:19:14,,,Jawa Barat,Bandung,,,,,
Detik.com,"Krisis Beras Oplosan Dinilai Bisa Jadi Momentum Perkuat Ekonomi, Kok Bisa?",https://news.detik.com/berita/d-8060152/krisis-beras-oplosan-dinilai-bisa-jadi-momentum-perkuat-ekonomi-kok-bisa,operasi pasar beras jawa barat,2025-10-05 19:19:21,,"Rp 2,5; 440 ribu; 220 ribu; 1,5 juta; 161 ribu",Jawa Barat,,Karawang,,,premium,
Detik.com,Bareskrim Ungkap Modus Curang Produsen Beras Oplosan,https://www.detik.com/kalimantan/berita/d-8026684/bareskrim-ungkap-modus-curang-produsen-beras-oplosan,operasi pasar beras jawa barat,2025-10-05 19:19:23,,"Rp 99,35; Rp 34,2; Rp 65,14; mencapai Rp 99,35",Jawa Barat,,Subang,,,medium; premium,
Detik.com,Irjen Pol Rudi: Sikat Preman! Jabar Aman Investasi,https://www.detik.com/jabar/hukum-dan-kriminal/d-7919319/irjen-pol-rudi-sikat-preman-jabar-aman-investasi,operasi pasar beras jawa barat,2025-10-05 19:19:25,,,Jawa Barat,,,,,,
Detik.com,Siap-siap! Sanksi buat Penunggak Pajak Kendaraan Bermotor di Jawa Barat,https://oto.detik.com/berita/d-8145832/siap-siap-sanksi-buat-penunggak-pajak-kendaraan-bermotor-di-jawa-barat,bulog jawa barat,2025-10-05 19:20:14,30 September 2025,,Jawa Barat,,,,,,
Detik.com,Usia Angkot di Jawa Barat Bakal Dibatasi Maksimal 25 Tahun,https://www.detik.com/jabar/berita/d-8144458/usia-angkot-di-jawa-barat-bakal-dibatasi-maksimal-25-tahun,bulog jawa barat,2025-10-05 19:20:15,,,Jawa Barat,,,,"Dinas Perhubungan Jawa Barat, Agus Didik menegaskan, bahwa aturan ini bertujuan meningkatkan keselamatan, kenyamanan",,
Detik.com,"25 Tahun Pisah dari Jawa Barat, APBD Provinsi Ini Tembus Rp 11,7 Triliun",https://www.detik.com/jabar/jabar-gaskeun/d-8144629/25-tahun-pisah-dari-jawa-barat-apbd-provinsi-ini-tembus-rp-11-7-triliun,bulog jawa barat,2025-10-05 19:20:15,4 Oktober 2000,"Rp 58.558.590.039; Rp 8.668.052.033.549,; Rp 3.071.630.609.000; Rp 11.746.009.406.039.; Rp 214.752.691.760; Rp 36.164.059.367.967; mencapai Rp 11.746.009.406.039.; mencapai Rp 36.164.059.367.967; Rp 8.284.849.811.619; Rp 6.326.763.490; Rp 109.890.940.131; Rp 11,7",Jawa Barat,,,,,,
Detik.com,"Tak Ada Lagi Pemutihan Pajak Kendaraan di Jawa Barat, Nunggak Siap-siap Disanksi",https://oto.detik.com/berita/d-8140726/tak-ada-lagi-pemutihan-pajak-kendaraan-di-jawa-barat-nunggak-siap-siap-disanksi,bulog jawa barat,2025-10-05 19:20:17,30 September 2025,,Jawa Barat,,,,,,
Detik.com,"Hari Ini Terakhir Pemutihan Pajak Kendaraan Jawa Barat 2025, Bisa Bayar Lewat HP",https://www.detik.com/jabar/jabar-gaskeun/d-8137423/hari-ini-terakhir-pemutihan-pajak-kendaraan-jawa-barat-2025-bisa-bayar-lewat-hp,bulog jawa barat,2025-10-05 19:20:19,30 Juni 2025,,Jawa Barat,,,,,,
Detik.com,Bulog Salurkan Beras untuk Warga Terdampak PPKM Darurat di Jabar,https://news.detik.com/foto-news/d-5648066/bulog-salurkan-beras-untuk-warga-terdampak-ppkm-darurat-di-jabar,bulog jawa barat,2025-10-05 19:20:19,,,Jawa Barat,Bandung,,,,,
Detik.com,Perjalanan Panjang Pangandaran Menjadi Kabupaten di Jawa Barat,https://www.detik.com/jabar/budaya/d-8135567/perjalanan-panjang-pangandaran-menjadi-kabupaten-di-jawa-barat,bulog jawa barat,2025-10-05 19:20:20,6 September 2012,426 ribu,Jawa Barat,Banjar,Ciamis; Pangandaran,,"Desa Cikalong, Kecamatan Sidamulih, ditemukan gondang buhun yaitu alat penumbuk padi kuno dari kayu yang hingga kini diwaris; Sidamulih",,
Detik.com,Gelombang Keracunan MBG di Jawa Barat: Dari Cianjur hingga Bandung Barat,https://www.detik.com/jabar/berita/d-8128239/gelombang-keracunan-mbg-di-jawa-barat-dari-cianjur-hingga-bandung-barat,bulog jawa barat,2025-10-05 19:20:21,,,Jawa Barat,Tasikmalaya; Bandung,Cianjur; Garut; Bandung Barat,,"Cipongkor; Kadungora; GOR Kecamatan Cipongkor; Kabupaten Garut, tepatnya di Kecamatan Kadungora; Luhur di Kecamatan Cugenang, Cianjur mengalami gejala keracunan setelah menyantap menu MBG berupa nasi goreng dan telu; Desa Sirnagalih, Kecamatan Cipongkor, mengalami gejala keracunan usai menyantap menu MBG; Cugenang; Puskesmas Cipongkor dan di GOR Kecamatan Cipongkor, 25 anak dirujuk ke RSUD Cililin,"" kata Kepala Puskesmas Cipongkor, Yuyun Sarihotimah",,
Detik.com,Fakta Macan Tutul dan Naga Jawa di Balik Gunung Sanggabuana,https://travel.detik.com/travel-news/d-8146113/fakta-macan-tutul-dan-naga-jawa-di-balik-gunung-sanggabuana,bulog jawa barat,2025-10-05 19:20:22,,,Jawa Barat,,Karawang,,,super,
Detik.com,"Proyek LRT Bandung Dibahas Lagi, Nyaris 10 Tahun Jadi Wacana",https://finance.detik.com/infrastruktur/d-8145749/proyek-lrt-bandung-dibahas-lagi-nyaris-10-tahun-jadi-wacana,bulog jawa barat,2025-10-05 19:20:22,,Rp 10,Jawa Barat,Cimahi; Bandung,Sumedang; Bandung Barat,,"Wacana  Wacana pembangunan LRT Bandung Raya kembali muncul; World Bank, pembangunan LRT Bandung koridor Babakan Siliwangi-Leuwipanjang membutuhkan biaya pembangunan hingga Rp 10 triliun",,
Detik.com,"Barusel, Kampung Tertinggi di Jawa Barat",https://travel.detik.com/cerita-perjalanan/d-8046916/barusel-kampung-tertinggi-di-jawa-barat,bulog jawa barat,2025-10-05 19:20:27,,,Jawa Barat,,,,,,
Detik.com,Para Pencari Sinyal di Pelosok Jawa Barat,https://www.detik.com/jabar/berita/d-8042884/para-pencari-sinyal-di-pelosok-jawa-barat,bulog jawa barat,2025-10-05 19:20:27,,,Jawa Barat,Tasikmalaya; Sukabumi,Garut,,"Cidaun; Cipatujah; Kampung Cibaregbeg, Desa Karyabakti, Kecamatan Cidaun, misalnya; Dusun Padawaras, Kecamatan Cipatujah, Kabupaten Tasikmalaya",,
Detik.com,Rebana Harapan Baru Jawa Barat,https://www.detik.com/jabar/bisnis/d-7917112/rebana-harapan-baru-jawa-barat,bulog jawa barat,2025-10-05 19:20:28,,"Rp3; Rp4.262.770.953.057.; Rp2.731.186.992.794.; mencapai Rp6.595.330.510.285.; Rp100; 4,1 juta; Rp6.595.330.510.285.; Rp3,1",Jawa Barat,Cirebon,Subang; Majalengka; Kuningan; Sumedang; Indramayu,,"Kebun Raya Kuningan juga,"" tutur Elon; Kuningan adalah Kebun Raya Kuningan",,
Detik.com,3.274 Gay di Jawa Barat Positif HIV,https://www.detik.com/jabar/berita/d-7984597/3-274-gay-di-jawa-barat-positif-hiv,bulog jawa barat,2025-10-05 19:20:29,,"1,19 juta; 1,2 juta",Jawa Barat,,,,,,
Detik.com,Melihat Megahnya Jembatan Pelengkung Sodongkopo Pangandaran,https://www.detik.com/jabar/berita/d-8145747/melihat-megahnya-jembatan-pelengkung-sodongkopo-pangandaran,bulog jawa barat,2025-10-05 19:20:29,31 Desember 2025,"Rp 55,4; Rp 72",Jawa Barat,,Pangandaran,,Cijulang,,
Detik.com,"Tak Cuma Bikin Ban, Bridgestone Ikut Rawat Hutan Jawa Barat",https://oto.detik.com/berita/d-8089249/tak-cuma-bikin-ban-bridgestone-ikut-rawat-hutan-jawa-barat,bulog jawa barat,2025-10-05 19:20:30,,,Jawa Barat,Bekasi,Karawang,,,,
Detik.com,Proyek LRT Bandung Dibahas Lagi!,https://finance.detik.com/infrastruktur/d-8145688/proyek-lrt-bandung-dibahas-lagi,bulog jawa barat,2025-10-05 19:20:32,3 Oktober 2025,,Jawa Barat,Bandung,Karawang,,,,
Detik.com,"10 Lagu Daerah Jawa Barat Paling Ikonik, Hafal Semua?",https://www.detik.com/jabar/budaya/d-8075133/10-lagu-daerah-jawa-barat-paling-ikonik-hafal-semua,bulog jawa barat,2025-10-05 19:20:33,,,Jawa Barat,Bandung,,Sukajadi,,,
Detik.com,Jejak 'Singa dari Jawa Barat' yang Diusulkan Jadi Pahlawan Nasional,https://www.detik.com/jabar/cirebon-raya/d-8074148/jejak-singa-dari-jawa-barat-yang-diusulkan-jadi-pahlawan-nasional,bulog jawa barat,2025-10-05 19:20:33,25 Oktober 1883,,Jawa Barat,Cirebon,,,,,
Detik.com,Upaya TNGC Cegah Kebakaran di Atap Jawa Barat,https://www.detik.com/jabar/cirebon-raya/d-8073333/upaya-tngc-cegah-kebakaran-di-atap-jawa-barat,bulog jawa barat,2025-10-05 19:20:34,,,Jawa Barat,,Kuningan,,"Pasawahan dan sebagian daerah Setianegara; Kuningan sendiri, lanjut Ady, ada beberapa daerah yang rawan kebakaran seperti di Kecamatan Cilimus dan Pasawahan; Cilimus dan Pasawahan",,
Detik.com,Kebijakan 'Tak Biasa' untuk Kepala Sekolah di Jawa Barat,https://www.detik.com/jabar/berita/d-8070923/kebijakan-tak-biasa-untuk-kepala-sekolah-di-jawa-barat,bulog jawa barat,2025-10-05 19:20:38,,,Jawa Barat,,,,,,
Detik.com,Cerita Penyapu Jalan di Balik Kirab Budaya HUT Jawa Barat,https://www.detik.com/jabar/berita/d-8069017/cerita-penyapu-jalan-di-balik-kirab-budaya-hut-jawa-barat,bulog jawa barat,2025-10-05 19:20:39,,,Jawa Barat,,,,Wastukencana,,
Detik.com,"Arti Lambang Provinsi Jawa Barat Lengkap: Padi, Kapas, hingga Sungai",https://www.detik.com/jabar/jabar-gaskeun/d-8066796/arti-lambang-provinsi-jawa-barat-lengkap-padi-kapas-hingga-sungai,bulog jawa barat,2025-10-05 19:20:40,19 Agustus 2025,,Jawa Barat,Depok; Bandung; Cimahi; Bekasi; Bogor; Tasikmalaya; Banjar; Cirebon; Sukabumi,Majalengka; Subang; Karawang; Pangandaran; Kuningan; Garut; Cianjur; Sumedang; Purwakarta; Ciamis; Indramayu; Bandung Barat,,,,
Detik.com,Mengungkap Makna Logo Hari Jadi ke-80 Jawa Barat,https://www.detik.com/jabar/berita/d-8059193/mengungkap-makna-logo-hari-jadi-ke-80-jawa-barat,bulog jawa barat,2025-10-05 19:20:41,19 Agustus 2025,,Jawa Barat,Cirebon,,,,,
Detik.com,Jurus Warga Jadikan Ciamis Wilayah Terbersih di Jawa Barat,https://www.detik.com/jabar/berita/d-8052883/jurus-warga-jadikan-ciamis-wilayah-terbersih-di-jawa-barat,bulog jawa barat,2025-10-05 19:20:41,,"1,2 juta",Jawa Barat,,Ciamis,,"Baregbeg; Desa Ciparigi, Kecamatan Sukadana, menghadirkan program ""Kabungah Bapa"" atau Kegiatan Nabung Sampah untuk Bayar Pajak Motor; Sukadana; Ciamis; Desa Sukamulya, Kecamatan Baregbeg, misalnya, warga dapat menabung sampah untuk membayar Pajak Bumi dan Bangunan (PBB); Desa Imbanagara Raya, Kecamatan Ciamis, memberikan kesempatan kepada masyarakat untuk menukarkan hasil tabungan sampah dengan kebut",organik,
Detik.com,Perjalanan Ciamis hingga Jadi Daerah Terbersih di Jawa Barat,https://www.detik.com/jabar/jabar-gaskeun/d-8052882/perjalanan-ciamis-hingga-jadi-daerah-terbersih-di-jawa-barat,bulog jawa barat,2025-10-05 19:20:42,,"Rp 5.000; 1,2 juta",Jawa Barat,Banjar,Ciamis,,Tanpa Sampah,,
Detik.com,Bulog Luncurkan Beras Singkong Petani,https://finance.detik.com/foto-bisnis/d-5296579/bulog-luncurkan-beras-singkong-petani,bulog jawa barat,2025-10-05 19:20:43,,,Jawa Barat,Bandung,,,,,
Detik.com,Picontoeun! Penampakan Ciamis Daerah Terbersih se-Jawa Barat,https://www.detik.com/jabar/jabar-gaskeun/d-8052874/picontoeun-penampakan-ciamis-daerah-terbersih-se-jawa-barat,bulog jawa barat,2025-10-05 19:20:44,,,Jawa Barat,,Ciamis,,Linggasari; Ciamis,organik,
Detik.com,Ciamis Daerah Terbersih di Jawa Barat Itu Bukan Cuma Mitos,https://www.detik.com/jabar/jabar-gaskeun/d-8052872/ciamis-daerah-terbersih-di-jawa-barat-itu-bukan-cuma-mitos,bulog jawa barat,2025-10-05 19:20:45,,,Jawa Barat,Tasikmalaya; Bandung; Banjar,Ciamis; Pangandaran,,Jenderal Sudirman saja sudah sangat rapi dan bersih. Pemerintah memperhatikan. Ini bagian dari brand image Ciamis yang memang dikenal bararesih,,
Detik.com,"Asosiasi Jip Merapi Mengeluh: Wisatawan Turun, Kebanyakan dari Jawa Barat",https://travel.detik.com/travel-news/d-8038609/asosiasi-jip-merapi-mengeluh-wisatawan-turun-kebanyakan-dari-jawa-barat,bulog jawa barat,2025-10-05 19:20:52,,,Jawa Barat,,,,,,
Detik.com,Jawa Barat Raih Rekor MURI Permainan Anak dan Pakaian Tradisional,https://news.detik.com/berita/d-8034777/jawa-barat-raih-rekor-muri-permainan-anak-dan-pakaian-tradisional,bulog jawa barat,2025-10-05 19:20:54,13 Juli 2025,,Jawa Barat,Bandung,,Arcamanik,,,
Detik.com,"Hacker Klaim Kuasai Data Pribadi 4,6 Juta Warga Jawa Barat",https://www.detik.com/jabar/berita/d-8031297/hacker-klaim-kuasai-data-pribadi-4-6-juta-warga-jawa-barat,bulog jawa barat,2025-10-05 19:20:55,10 Juli 2025,"700 ribu; 4,6 Juta; 4,6 juta",Jawa Barat,Bandung,,,,,
Detik.com,Asal Usul Nama Daerah di Jawa Barat Banyak Berawalan 'Ci',https://www.detik.com/edu/detikpedia/d-8025567/asal-usul-nama-daerah-di-jawa-barat-banyak-berawalan-ci,bulog jawa barat,2025-10-05 19:20:55,,,Jawa Barat,Bandung,,Cibiru; Cinambo,,,
Detik.com,DPRD Jawa Barat Resmi Sampaikan Maklumat ke Pemerintah Pusat,https://www.detik.com/jabar/berita/d-8090750/dprd-jawa-barat-resmi-sampaikan-maklumat-ke-pemerintah-pusat,bulog jawa barat,2025-10-05 19:20:56,30 Agustus 2025,,Jawa Barat,Bandung,,,,,
Detik.com,"Video: Mahasiswa Demo di DPRD Jawa Barat, Sampaikan 8 Tuntutan",https://20.detik.com/detikupdate/20250901-250901108/video-mahasiswa-demo-di-dprd-jawa-barat-sampaikan-8-tuntutan,bulog jawa barat,2025-10-05 19:20:57,,,Jawa Barat,,,,,,
Detik.com,Daftar Lengkap dan Profil Pemenang Mojang Jajaka Jawa Barat 2025,https://www.detik.com/jabar/jabar-gaskeun/d-8021111/daftar-lengkap-dan-profil-pemenang-mojang-jajaka-jawa-barat-2025,bulog jawa barat,2025-10-05 19:20:58,,,Jawa Barat,Cimahi; Bandung; Bekasi; Tasikmalaya; Cirebon,Subang; Pangandaran; Garut; Cianjur; Purwakarta; Ciamis; Bandung Barat,,,,
Detik.com,Grand Final Mojang Jajaka Jawa Barat 2025 Digelar Hari Ini,https://www.detik.com/jabar/berita/d-8020673/grand-final-mojang-jajaka-jawa-barat-2025-digelar-hari-ini,bulog jawa barat,2025-10-05 19:20:59,19 Juli 2025,,Jawa Barat,Bandung,,,,,
Detik.com,Jabar Sepekan: Isu 5 Provinsi Baru Muncul di Jawa Barat,https://www.detik.com/jabar/berita/d-7987374/jabar-sepekan-isu-5-provinsi-baru-muncul-di-jawa-barat,bulog jawa barat,2025-10-05 19:21:00,,Rp 80; Rp 330; Rp 250; Rp 600,Jawa Barat,Bandung; Bekasi; Cirebon,Majalengka; Sumedang; Karawang,,,,
Detik.com,Malam Mencekam di Jalur Kereta Api Selatan Jawa Barat,https://www.detik.com/jabar/berita/d-7983517/malam-mencekam-di-jalur-kereta-api-selatan-jawa-barat,bulog jawa barat,2025-10-05 19:21:03,4 April 2014,10 juta; Rp 10 juta,Jawa Barat,Tasikmalaya; Bandung,,,,,
Detik.com,LSL Jadi Penyumbang Kasus HIV Tertinggi di Jawa Barat,https://www.detik.com/jabar/berita/d-7983507/lsl-jadi-penyumbang-kasus-hiv-tertinggi-di-jawa-barat,bulog jawa barat,2025-10-05 19:21:04,,"1,191 juta; 142 ribu",Jawa Barat,Bandung; Cirebon; Bogor,,,,,
Detik.com,Potret Buram hingga Berdarah Praktik Debt Collector di Jawa Barat,https://www.detik.com/jabar/hukum-dan-kriminal/d-7976181/potret-buram-hingga-berdarah-praktik-debt-collector-di-jawa-barat,bulog jawa barat,2025-10-05 19:21:05,7 Juni 2022,"Rp3,5 juta; 3,5 juta",Jawa Barat,Cimahi; Bandung; Sukabumi; Bogor,Majalengka; Karawang; Garut; Cianjur; Purwakarta; Bandung Barat,,"Mulyamekar; Karawang Wetan; Babakancikao; Veteran, Kelurahan Ciseureuh, Kecamatan/Kabupaten Purwakarta; Margaasih; Karawang Timur; Nanjung, Kecamatan Margaasih, Kabupaten Bandung, Rabu, Juli 2023; Kampung Cikopak, Kelurahan Mulyamekar, Kecamatan Babakancikao, Kabupaten Purwakarta; Ciseureuh; Cibeureum; Jalan Limusnunggal, Kecamatan Cibeureum, Kota Sukabumi pada Senin, 13 Mei 2024; Jalan Lio Santa RT 03/01, Cikondang, Citamiang, Kota Sukabumi, Jumat 17 November 2023; Jalan Veteran, Kelurahan Ciseureuh, Kecamatan/Kabupaten Purwakarta, Kamis 1 Mei 2025 lalu; Dusun Guro II, Kelurahan Karawang Wetan, Kecamatan Karawang Timur, Kabupaten Karawang",,
Detik.com,"Mencuat Usulan Jawa Barat Dipecah Jadi 5 Wilayah, Ini Daftarnya",https://news.detik.com/berita/d-7975709/mencuat-usulan-jawa-barat-dipecah-jadi-5-wilayah-ini-daftarnya,bulog jawa barat,2025-10-05 19:21:06,,,Jawa Barat,Depok; Bandung; Cimahi; Bekasi; Bogor; Tasikmalaya; Banjar; Cirebon; Sukabumi,Majalengka; Subang; Karawang; Pangandaran; Kuningan; Garut; Cianjur; Sumedang; Purwakarta; Ciamis; Indramayu; Bandung Barat,,,,
Detik.com,"Dokumen Daftar Ulang SPMB Jawa Barat 2025, Jangan Sampai Tertinggal",https://www.detik.com/edu/sekolah/d-7973677/dokumen-daftar-ulang-spmb-jawa-barat-2025-jangan-sampai-tertinggal,bulog jawa barat,2025-10-05 19:21:07,23 Juni 2025,,Jawa Barat,Bandung,,,,,
Detik.com,"Gempa M 4,8 Terjadi di Garut Jawa Barat",https://news.detik.com/berita/d-7970439/gempa-m-4-8-terjadi-di-garut-jawa-barat,bulog jawa barat,2025-10-05 19:21:08,,,Jawa Barat,,Garut,,,,
Detik.com,Bulog Jabar Serap 100.171 Ton Beras,https://finance.detik.com/foto-bisnis/d-1323139/bulog-jabar-serap-100-171-ton-beras,bulog jawa barat,2025-10-05 19:21:09,,,Jawa Barat,,,,,,
Detik.com,5 Pantai Tersembunyi di Jawa Barat yang Bisa Disambangi Seharian,https://travel.detik.com/domestic-destination/d-7964906/5-pantai-tersembunyi-di-jawa-barat-yang-bisa-disambangi-seharian,bulog jawa barat,2025-10-05 19:21:09,,"Rp295.0008.; Rp205.0007.; Rp 15.000; Rp 6.000,; Rp60.0004.; Rp 65.000; Rp 515.000; Rp 35.000,; Rp20.0003.; Rp 93.000.; Rp10.0002.; Rp135.0006.; Rp 5.000; Rp95.0005.; Rp 15.000,",Jawa Barat,Tasikmalaya; Bandung; Sukabumi,Garut; Ciamis; Pangandaran,,"Desa Batukaras, Kecamatan Cijulang, Kabupaten Pangandaran; Cijulang; Desa Pananjung, Kecamatan Pangandaran, Kabupaten Pangandaran, Jawa Barat; Pangandaran",,
Detik.com,"Pantai Bali 2, Wisata Pantai di Jawa Barat Bukan Bali",https://travel.detik.com/cerita-perjalanan/d-7964354/pantai-bali-2-wisata-pantai-di-jawa-barat-bukan-bali,bulog jawa barat,2025-10-05 19:21:10,,Rp.,Jawa Barat,,Indramayu,,Balongan,,
Detik.com,Citra Satelit Kuburan Para Raksasa di Jawa Barat,https://www.detik.com/jabar/berita/d-7959219/citra-satelit-kuburan-para-raksasa-di-jawa-barat,bulog jawa barat,2025-10-05 19:21:11,31 Agustus 2023,13 ribu,Jawa Barat,Depok; Bandung; Bogor,Subang; Purwakarta,,"Kemang; Stasiun Purwakarta, tepatnya di Jalan Kolonel Kornel Singawinata No; Desa Pondok Udik, Kecamatan Kemang, Kabupaten Bogor",,
Detik.com,Tata Cara Daftar dan Jadwal Lengkap SPMB Jawa Barat 2025,https://www.detik.com/jabar/berita/d-7957223/tata-cara-daftar-dan-jadwal-lengkap-spmb-jawa-barat-2025,bulog jawa barat,2025-10-05 19:21:12,10 Juni 2025,,Jawa Barat,,,,,,
Detik.com,Tito Ingatkan Kepala Daerah Jaga Arus Mudik & Stabilitas Harga Pangan,https://news.detik.com/berita/d-7833772/tito-ingatkan-kepala-daerah-jaga-arus-mudik-stabilitas-harga-pangan,stabilitas harga pangan jabar,2025-10-05 19:22:15,,,Jawa Barat,,,,,,
Detik.com,Satgas Pangan Polda Jabar Pastikan Harga Bahan Pokok Stabil Saat Ramadan,https://www.detik.com/jabar/hukum-dan-kriminal/d-7800770/satgas-pangan-polda-jabar-pastikan-harga-bahan-pokok-stabil-saat-ramadan,stabilitas harga pangan jabar,2025-10-05 19:22:18,,Rp30 ribu; 30 ribu,Jawa Barat,Bandung,,,Ciroyom stabil; Ciroyom; Ciroyom masih stabil,,
Detik.com,"Harga Beras Naik, Satgas Pangan Jabar Minta Masyarakat Tak Panic Buying",https://www.detik.com/jabar/bisnis/d-7204144/harga-beras-naik-satgas-pangan-jabar-minta-masyarakat-tak-panic-buying,stabilitas harga pangan jabar,2025-10-05 19:22:47,,"7 ribu; Rp 5 ribu; harga Rp14.000; Rp16.500 per kilogram; 5 ribu; 13 ribu; 8 ribu; Rp14.000; Rp 13.900,; 15 ribu; Rp 8 ribu; mencapai Rp 15; 50 juta; Rp500; Rp15.000 per kilogram; Rp 15 ribu; 475 ribu",Jawa Barat,Bandung; Cirebon,,,Pasalaran Kabupaten Cirebon; Kosambi; Idul Fitri,medium; premium,
Detik.com,Ara Harap Prabowo Resmikan Akad Massal 50 Ribu Rumah di Serang Akhir Tahun,https://www.detik.com/properti/berita/d-8137489/ara-harap-prabowo-resmikan-akad-massal-50-ribu-rumah-di-serang-akhir-tahun,subsidi beras jawa barat,2025-10-05 19:23:54,,26 ribu; Rp 300 juta; 50 Ribu; 300 juta,Jawa Barat,Bogor,,,,,
Detik.com,Purbaya Ancam Tarik Dana Rumah Subsidi Kalau Penyerapan Tak Optimal!,https://www.detik.com/properti/berita/d-8137388/purbaya-ancam-tarik-dana-rumah-subsidi-kalau-penyerapan-tak-optimal,subsidi beras jawa barat,2025-10-05 19:23:54,,"Rp 35,2; Rp 22,72; Rp 18,77",Jawa Barat,Bogor,,,,,
Detik.com,Saat Prabowo Beri Hormat Eks OB dan Ojek yang Bikin Perumahan,https://www.detik.com/properti/berita/d-8136764/saat-prabowo-beri-hormat-eks-ob-dan-ojek-yang-bikin-perumahan,subsidi beras jawa barat,2025-10-05 19:23:55,,Rp 120; mencapai Rp 120; 15 ribu; 26 ribu; Rp 150,Jawa Barat,Bogor,,,,,
Detik.com,Bocoran Rencana Prabowo Resmikan 25 Ribu Unit Rumah Subsidi,https://finance.detik.com/infrastruktur/d-8132603/bocoran-rencana-prabowo-resmikan-25-ribu-unit-rumah-subsidi,subsidi beras jawa barat,2025-10-05 19:23:57,,60 ribu; 25 ribu; 25 Ribu,Jawa Barat,Bogor,,,,,
Detik.com,"7 Ciri-ciri Penerima Bansos dan Cara Ceknya, Apakah Namamu Terdaftar?",https://www.detik.com/jogja/bisnis/d-8134276/7-ciri-ciri-penerima-bansos-dan-cara-ceknya-apakah-namamu-terdaftar,subsidi beras jawa barat,2025-10-05 19:23:58,,"3,5 juta",Jawa Barat,,,,,,
Detik.com,"Bantuan Internet Kampung Internet Gratis Diperluas, Menkomdigi: Insya Allah Dilanjutkan",https://inet.detik.com/law-and-policy/d-8138127/bantuan-internet-kampung-internet-gratis-diperluas-menkomdigi-insya-allah-dilanjutkan,subsidi beras jawa barat,2025-10-05 19:23:59,,,Jawa Barat,,,,,,
Detik.com,"Akad Massal 25 Ribu Rumah Subsidi Digelar Pekan Depan, Prabowo Bakal Hadir",https://www.detik.com/properti/berita/d-8129025/akad-massal-25-ribu-rumah-subsidi-digelar-pekan-depan-prabowo-bakal-hadir,subsidi beras jawa barat,2025-10-05 19:24:05,,25 ribu; 25 Ribu,Jawa Barat,Bogor,,,,,
Detik.com,"Reses di Bandung, Anggota Komisi IV Dicurhati soal Pupuk Subsidi-Alsintan",https://news.detik.com/berita/d-7964404/reses-di-bandung-anggota-komisi-iv-dicurhati-soal-pupuk-subsidi-alsintan,subsidi beras jawa barat,2025-10-05 19:24:07,,4 juta,Jawa Barat,Bandung,Bandung Barat,,,,
Detik.com,"Rumah Murah Rp 160 Jutaan di Majalengka, Yuk Intip!",https://www.detik.com/jabar/bisnis/d-8029051/rumah-murah-rp-160-jutaan-di-majalengka-yuk-intip,subsidi beras jawa barat,2025-10-05 19:24:11,,"Rp 166 juta; seharga Rp 166; 166 juta; harga Rp 160; 166 Juta; Rp 162.000.000.; Rp 166 Juta; harga Rp 166; seharga Rp 162.000.000.; 160 juta; Rp 160 Juta; Rp 166.000.000,; Rp 160 juta; 160 Juta; harga Rp 162.000.000.; seharga Rp 160",Jawa Barat,Banjar,Majalengka,,"Jalan Raya Iser Banjaran, Desa Leuwimunding, Kecamatan Leuwimunding, Kabupaten Majalengka; Raya Iser Banjaran, Desa Leuwimunding, Kecamatan Leuwimunding; Leuwimunding",,
Detik.com,Menteri PKP Serah Terima Kunci Rumah Subsidi untuk Buruh Pabrik Kahatex,https://news.detik.com/berita/d-8075002/menteri-pkp-serah-terima-kunci-rumah-subsidi-untuk-buruh-pabrik-kahatex,subsidi beras jawa barat,2025-10-05 19:24:15,,"9,9 juta; 3 juta",Jawa Barat,,Majalengka; Sumedang,,,,
Detik.com,"Menteri Ara Serah Terima Kunci Rumah Subsidi, Termasuk untuk Keluarga Affan",https://news.detik.com/berita/d-8136697/menteri-ara-serah-terima-kunci-rumah-subsidi-termasuk-untuk-keluarga-affan,subsidi beras jawa barat,2025-10-05 19:24:15,,,Jawa Barat,,,,,,
Detik.com,Anggota Komisi IV DPR Rajiv Minta Kaji Mutu Beras untuk Tata Ekosistem Pangan,https://news.detik.com/berita/d-8036257/anggota-komisi-iv-dpr-rajiv-minta-kaji-mutu-beras-untuk-tata-ekosistem-pangan,subsidi beras jawa barat,2025-10-05 19:24:16,,Rp99,Jawa Barat,,,,,medium; premium,
Detik.com,Polri Dapat Penghargaan dari Menteri PKP Atas Dukungan 3 Juta Rumah Subsidi,https://news.detik.com/berita/d-8078941/polri-dapat-penghargaan-dari-menteri-pkp-atas-dukungan-3-juta-rumah-subsidi,subsidi beras jawa barat,2025-10-05 19:24:18,,3 Juta; 13 ribu; 16 ribu; 3 juta,Jawa Barat,,Karawang,,"MH Thamrin, Jakarta Pusat; Ruang Menteri PKP, Wisma Mandiri, Jalan MH Thamrin, Jakarta Pusat, Senin (25/8/2025)",,
Detik.com,"Produksi Beras RI Agustus-Oktober Diprediksi Tembus 9,11 Juta Ton",https://finance.detik.com/berita-ekonomi-bisnis/d-8090311/produksi-beras-ri-agustus-oktober-diprediksi-tembus-9-11-juta-ton,subsidi beras jawa barat,2025-10-05 19:24:21,,"10,22 juta; 2,5 Juta; 3,02 juta; 1,09 juta; 9,11 Juta; 9,11 juta; 31,04 juta; 0,36 juta; 0,15 juta",Jawa Barat,,,,,,
Detik.com,"Menkeu Ungkap Subsidi Listrik Akan Dikurangi, Tarif Listrik Naik?",https://news.detik.com/berita/d-8120980/menkeu-ungkap-subsidi-listrik-akan-dikurangi-tarif-listrik-naik,subsidi beras jawa barat,2025-10-05 19:24:32,,,Jawa Barat,,,,,,
Detik.com,Gabah Petani di Majalengka hingga Subang Dipastikan Dibeli Rp 6.500/Kg,https://finance.detik.com/berita-ekonomi-bisnis/d-7859261/gabah-petani-di-majalengka-hingga-subang-dipastikan-dibeli-rp-6-500-kg,harga gabah jawa barat,2025-10-05 19:25:41,,"Rp 6.500 per kilogram; harga Rp 6.500,; Rp 6.500,; harga Rp 6.500; 800 ribu; Rp 6.500; Rp 6.500/kg; Rp 6.500/Kg",Jawa Barat,,Majalengka; Subang; Karawang,,,kualitas tinggi,
Detik.com,"Cuma di Transmart Full Day Sale, Ayam Broiler Dijual Semurah Ini",https://finance.detik.com/berita-ekonomi-bisnis/d-8133123/cuma-di-transmart-full-day-sale-ayam-broiler-dijual-semurah-ini,harga gabah jawa barat,2025-10-05 19:25:43,,Rp 27.920; Rp 37.000; Rp 36.900; Rp 29.520; Rp 46.900; Rp 29.600; Rp 42.000; Rp 37.520; Rp 33.600; Rp 34.900,Jawa Barat,Banjar,,,,,
Detik.com,"Waskita Rampungkan Pengolahan Gabah Modern, Bisa Tampung 6.000 Ton",https://finance.detik.com/berita-ekonomi-bisnis/d-7879869/waskita-rampungkan-pengolahan-gabah-modern-bisa-tampung-6-000-ton,harga gabah jawa barat,2025-10-05 19:25:49,,"Rp 6.500; Rp 230,98",Jawa Barat,,Subang,,,,
Detik.com,Pipa Transmisi Gas Cirebon-Semarang Ditargetkan Rampung 2026,https://finance.detik.com/energi/d-8134455/pipa-transmisi-gas-cirebon-semarang-ditargetkan-rampung-2026,harga gabah jawa barat,2025-10-05 19:25:51,,,Jawa Barat,Cirebon,,,,,
Detik.com,Proyek Fasilitas Modern Olah Gabah Rp 230 M Rampung,https://finance.detik.com/infrastruktur/d-7876336/proyek-fasilitas-modern-olah-gabah-rp-230-m-rampung,harga gabah jawa barat,2025-10-05 19:25:53,,"Rp 230; Rp 230,98",Jawa Barat,,Subang,,,,
Detik.com,Suzuki Bakal Hadirkan Fronx hingga XL7 Teranyar di GIIAS Bandung 2025,https://www.detik.com/jabar/berita/d-8138796/suzuki-bakal-hadirkan-fronx-hingga-xl7-teranyar-di-giias-bandung-2025,harga gabah jawa barat,2025-10-05 19:25:53,5 Oktober 2025,,Jawa Barat,Bandung,,,Bandung Raya,,
Detik.com,Jawa Barat Ditargetkan Produksi 11 Juta Ton Gabah Tahun Depan,https://www.detik.com/jabar/berita/d-7075105/jawa-barat-ditargetkan-produksi-11-juta-ton-gabah-tahun-depan,harga gabah jawa barat,2025-10-05 19:25:59,,"11 Juta; 3,5 juta; 11 juta",Jawa Barat,Bandung,,,Kutawaringin,,
Detik.com,"Lahan Sitaan Benny Tjokro Digarap Jadi Sawah, Bisa Hasilkan 2.640 Ton Gabah",https://finance.detik.com/berita-ekonomi-bisnis/d-8068179/lahan-sitaan-benny-tjokro-digarap-jadi-sawah-bisa-hasilkan-2-640-ton-gabah,harga gabah jawa barat,2025-10-05 19:25:59,,"Rp 68; 364 juta; Rp 51,48; Rp364 juta; Rp 17,16; Rp 6.500/kg",Jawa Barat,Bekasi,,,"Desa Srimahi, Kecamatan Tambun Utara, Kabupaten Bekasi; Tambun Utara",,
Detik.com,Bapanas Ungkap Masih Banyak Daerah Harga Gabahnya di Bawah HPP,https://finance.detik.com/berita-ekonomi-bisnis/d-7762519/bapanas-ungkap-masih-banyak-daerah-harga-gabahnya-di-bawah-hpp,harga gabah jawa barat,2025-10-05 19:26:03,3 Februari 2025,Rp 6.252/kg; Rp 6.400/kg; Rp 5.558/kg; Rp 6.320/kg; Rp 6.498 per kilogram; Rp 6.412/kg; Rp 6.243/kg; Rp 6.500/kg; Rp 6.000/kg; Rp 6.100/kg; Rp 6.336/kg,Jawa Barat,,,,,,
Detik.com,"Jelang HDI 2025, DWP Kemensos Kunjungi Pusat Karya Disabilitas di Jabar",https://news.detik.com/berita/d-8145729/jelang-hdi-2025-dwp-kemensos-kunjungi-pusat-karya-disabilitas-di-jabar,pasar beras jawa barat,2025-10-05 19:26:53,,,Jawa Barat,Cimahi; Bandung,,Lengkong,,,
Detik.com,"GIIAS Bandung 2025 Hadirkan 18 Merek Kendaraan, 5 Merek Tampil Perdana",https://www.detik.com/jabar/berita/d-8143288/giias-bandung-2025-hadirkan-18-merek-kendaraan-5-merek-tampil-perdana,pasar beras jawa barat,2025-10-05 19:27:04,5 Oktober 2025,,Jawa Barat,Bandung,,,,super,
Detik.com,Jadwal Event Bandung & Jabar Oktober 2025: Festival hingga Konser,https://www.detik.com/jabar/wisata/d-8143499/jadwal-event-bandung-jabar-oktober-2025-festival-hingga-konser,pasar beras jawa barat,2025-10-05 19:27:05,5 Oktober 2025,seharga Rp35.000; Rp35.000; harga Rp35.000,Jawa Barat,Bandung,,Cicendo,"Braga Pendek. Acara meliputi pameran, bazaar, kuliner, fesyen; Sabuga dan di sekitar kawasan kampus ITB di Jalan Ganesha; Seni ITB telah siap menyapa masyarakat; Seni ITB kembali hadir dengan menyajikan berbagai instalasi dan wahana seni yang bisa dinikmati pengunjung secara cuma",,
Detik.com,Menaker Sebut SDM Kompetitif Jadi Kunci Kemandirian Ekonomi Nasional,https://news.detik.com/berita/d-8145097/menaker-sebut-sdm-kompetitif-jadi-kunci-kemandirian-ekonomi-nasional,pasar beras jawa barat,2025-10-05 19:27:10,,,Jawa Barat,Bekasi,,,,,
Detik.com,"Bakal Ada Tol Baru Bogor-Serpong via Parung, Berapa Tarifnya Nih?",https://oto.detik.com/mobil/d-8144374/bakal-ada-tol-baru-bogor-serpong-via-parung-berapa-tarifnya-nih,pasar beras jawa barat,2025-10-05 19:27:15,,"Rp 12,35",Jawa Barat,Bogor,,,"Tol Bogor-Serpong via Parung rencananya akan memiliki panjang 32,03 km. Jalan tol ini terdiri dari 27,83 km di provinsi Jawa Barat, 4,2 km di provinsi Banten",,
Detik.com,"Airlangga Datangi Kantor Luhut, Bahas Apa?",https://finance.detik.com/berita-ekonomi-bisnis/d-8143939/airlangga-datangi-kantor-luhut-bahas-apa,pasar beras jawa barat,2025-10-05 19:27:15,,,Jawa Barat,,,,,,
Detik.com,"Serpong-Bogor Bakal Tersambung Tol 2028, Waktu Tempuh Jadi Cuma 45 Menit",https://finance.detik.com/infrastruktur/d-8143588/serpong-bogor-bakal-tersambung-tol-2028-waktu-tempuh-jadi-cuma-45-menit,pasar beras jawa barat,2025-10-05 19:27:19,,"Rp 12,35",Jawa Barat,Bogor,,,"Tol Bogor-Serpong via Parung rencananya akan memiliki panjang 32,03 km. Jalan tol ini terdiri dari 27,83 km di provinsi Jawa Barat, 4",,
Detik.com,"Konflik Agraria Membayangi Jabar, PKB Dorong Lima Langkah Konkret",https://www.detik.com/jabar/berita/d-8142176/konflik-agraria-membayangi-jabar-pkb-dorong-lima-langkah-konkret,pasar beras jawa barat,2025-10-05 19:27:20,,,Jawa Barat,,,,,,
Detik.com,"Tol Perdana Era Prabowo: BSD-Bogor Tembus Rp 12,35 T",https://finance.detik.com/infrastruktur/d-8143807/tol-perdana-era-prabowo-bsd-bogor-tembus-rp-12-35-t,pasar beras jawa barat,2025-10-05 19:27:21,,"Rp 12,35",Jawa Barat,Bogor,,,"Tol Bogor-Serpong via Parung akan dimulai pada 2026 mendatang. Tol ini menelan anggaran sebesar Rp 12,35 triliun; Tol Bogor-Serpong via Parung rencananya akan memiliki panjang 32,03 km. Jalan tol ini terdiri dari 27,83 km di provinsi Jawa Barat, 4,2 km di provinsi Banten",,
Detik.com,Mobil Listrik yang Mencuri Perhatian di GIIAS Bandung 2025,https://www.detik.com/jabar/bisnis/d-8140408/mobil-listrik-yang-mencuri-perhatian-di-giias-bandung-2025,pasar beras jawa barat,2025-10-05 19:27:22,,,Jawa Barat,Bandung,,,,,
Detik.com,"Sebab Keracunan di MBG, Bakteri hingga Zat Kimia",https://health.detik.com/berita-detikhealth/d-8139521/sebab-keracunan-di-mbg-bakteri-hingga-zat-kimia,pasar beras jawa barat,2025-10-05 19:27:31,1 Oktober 2025,,Jawa Barat,,,,,,
Detik.com,"Layani Kebutuhan Pelanggan, Aletra Resmi Buka 3 Dealer 3S di Jakarta",https://oto.detik.com/mobil/d-8137193/layani-kebutuhan-pelanggan-aletra-resmi-buka-3-dealer-3s-di-jakarta,pasar beras jawa barat,2025-10-05 19:27:43,,,Jawa Barat,,Purwakarta,,"Puri Auto Center, Kembangan Selatan, Jakarta Barat Aletra Pluit yang berada di Pluit Permai, Penjaringan, Jakarta Utara Aletra Kemang yang berada di Kemang Raya, Mampang Prapatan, Jakarta Selatan",,
Detik.com,"22 Prompt AI Batik Gaya Korporat: Modern, Profesional, dan Budaya",https://www.detik.com/jabar/jabar-gaskeun/d-8140232/22-prompt-ai-batik-gaya-korporat-modern-profesional-dan-budaya,pasar beras jawa barat,2025-10-05 19:27:45,2 Oktober 2009,,Jawa Barat,Tasikmalaya; Bandung; Cirebon,Garut,,AI generatif global terus berkembang; AI Nasional. Penelitian oleh Dwina Satrinia,medium,
Detik.com,Menanti Tol Serpong-Bogor yang Pangkas Waktu Tempuh Jadi 45 Menit,https://finance.detik.com/infrastruktur/d-8145249/menanti-tol-serpong-bogor-yang-pangkas-waktu-tempuh-jadi-45-menit,distribusi beras jawa barat,2025-10-05 19:28:39,,"Rp 12,35",Jawa Barat,Depok; Bogor,Karawang,,,,
Detik.com,RI Gandeng Swiss Genjot Akses Keuangan buat Peternak Sapi,https://finance.detik.com/bursa-dan-valas/d-8143140/ri-gandeng-swiss-genjot-akses-keuangan-buat-peternak-sapi,distribusi beras jawa barat,2025-10-05 19:28:45,,,Jawa Barat,Bandung,,,,,
Detik.com,"Marak Kasus Keracunan MBG, IDI Jabar Dorong Perbaikan Quality Control",https://www.detik.com/jabar/berita/d-8139432/marak-kasus-keracunan-mbg-idi-jabar-dorong-perbaikan-quality-control,distribusi beras jawa barat,2025-10-05 19:28:50,,,Jawa Barat,,,,,,
Detik.com,Empat Potensi Maladministrasi MBG: Honor Staf SPPG Telat-Temuan Sayur Busuk,https://finance.detik.com/berita-ekonomi-bisnis/d-8138353/empat-potensi-maladministrasi-mbg-honor-staf-sppg-telat-temuan-sayur-busuk,distribusi beras jawa barat,2025-10-05 19:28:51,,Rp 5 juta; 5 juta,,Bandung; Bogor,Garut; Bandung Barat,,,medium; premium,
Detik.com,Geely Mulai Produksi Lokal di Purwakarta,https://oto.detik.com/mobil-listrik/d-8137494/geely-mulai-produksi-lokal-di-purwakarta,distribusi beras jawa barat,2025-10-05 19:29:12,,,Jawa Barat,,Purwakarta,,,kualitas tinggi,
Detik.com,"Sudah Ada Zenix, Kenapa Toyota Masih Produksi Innova Reborn di RI?",https://oto.detik.com/mobil/d-8133126/sudah-ada-zenix-kenapa-toyota-masih-produksi-innova-reborn-di-ri,distribusi beras jawa barat,2025-10-05 19:29:13,,"416,6 juta; Rp 416,6 juta; 437,5 juta; Rp 437,5 juta",Jawa Barat,,Karawang,,,,
Detik.com,"Soal Beras Oplosan, Legislator Rajiv Minta Pemerintah Jaga Stabilitas Harga",https://news.detik.com/berita/d-8016269/soal-beras-oplosan-legislator-rajiv-minta-pemerintah-jaga-stabilitas-harga,distribusi beras jawa barat,2025-10-05 19:29:16,,Rp99; mencapai Rp99,Jawa Barat,,,,,medium,
Detik.com,"Wamendikdasmen Sebut Semua Sekolah Termasuk yang Elite Dapat IFP, Kecuali Menolak",https://www.detik.com/edu/sekolah/d-8131865/wamendikdasmen-sebut-semua-sekolah-termasuk-yang-elite-dapat-ifp-kecuali-menolak,distribusi beras jawa barat,2025-10-05 19:29:16,26 September 2025,,Jawa Barat,Bogor,,,"Kemendikdasmen, Jl Jenderal Sudirman, Senayan, Jakarta, Jumat (26/9/2025); Jenderal Sudirman, Senayan, Jakarta",,
Detik.com,Bulog Ungkap Penyebab Ketimpangan HET Beras SPHP di Tarakan,https://www.detik.com/kalimantan/berita/d-8023253/bulog-ungkap-penyebab-ketimpangan-het-beras-sphp-di-tarakan,distribusi beras jawa barat,2025-10-05 19:29:27,29 Maret 2025,"65 ribu; seharga Rp11.300; 13 ribu per kilogram; Rp15.400; Rp 65 ribu; Rp11.300 per kilogram; Rp 13 ribu; harga Rp11.300; Rp13.000,",,Banjar,,,"Tarakan hanya dilakukan melalui dua pasar, yakni Pasar Tenguyun, Pasar Buser, dan Koperasi Merah Putih Selimit; Tenguyun",premium,
Detik.com,Menko Zulhas Cek Operasional Kopdes Merah Putih di Bandung,https://news.detik.com/berita/d-7980046/menko-zulhas-cek-operasional-kopdes-merah-putih-di-bandung,distribusi beras jawa barat,2025-10-05 19:29:27,,,Jawa Barat,Bandung; Bogor,,,,,
Detik.com,"Produksi Beras Diramal Tembus 24,97 Juta Ton hingga Agustus 2025",https://finance.detik.com/berita-ekonomi-bisnis/d-7990956/produksi-beras-diramal-tembus-24-97-juta-ton-hingga-agustus-2025,distribusi beras jawa barat,2025-10-05 19:29:28,,"1,72 juta; 0,32 juta; 0,96 juta; 6,44 juta; 0,99 juta; 1,26 juta; 8,24 juta; 8,09 juta; 4,98 juta; 2,87 juta; 24,97 juta; 3,71 juta; 24,97 Juta; 14,03 juta; 0,98 juta; 2,77 juta; 3,08 juta",Jawa Barat,,,,,,
Detik.com,"Produksi Beras hingga Juni Diramal Tembus 18,76 Juta Ton",https://finance.detik.com/berita-ekonomi-bisnis/d-7895746/produksi-beras-hingga-juni-diramal-tembus-18-76-juta-ton,distribusi beras jawa barat,2025-10-05 19:29:29,,"3,43 juta; 1,11 juta; 8,93 juta; 18,76 Juta; 5,14 juta; 10,15 juta; 1,67 juta; 1,04 juta; 18,76 juta; 1,89 juta",Jawa Barat,,,,,,
Detik.com,Kemenag Jabar Soroti Ketersediaan Air Bersih untuk Jemaah Haji,https://www.detik.com/jabar/cirebon-raya/d-7876142/kemenag-jabar-soroti-ketersediaan-air-bersih-untuk-jemaah-haji,ketersediaan beras jabar,2025-10-05 19:30:24,,38 ribu,Jawa Barat,Bekasi,Majalengka; Sumedang; Subang,,,,
Detik.com,Momen Jokowi Cek Stok Beras di Gudang Bulog,https://finance.detik.com/foto-bisnis/d-7196655/momen-jokowi-cek-stok-beras-di-gudang-bulog,ketersediaan beras jabar,2025-10-05 19:30:26,,,Jawa Barat,Bekasi,,,,,
Detik.com,Kata Pj Gubernur Jabar soal Beras Singkong Khas Kampung Adat Cireundeu,https://www.detik.com/jabar/berita/d-7602684/kata-pj-gubernur-jabar-soal-beras-singkong-khas-kampung-adat-cireundeu,ketersediaan beras jabar,2025-10-05 19:30:35,23/10/2023,,Jawa Barat,Cimahi,,,"Leuwigajah; Cimahi Selatan; Kampung Adat Cireundeu, di Kelurahan Leuwigajah, Kecamatan Cimahi Selatan, Kota Cimahi, jadi alternatif selain beras",,
Detik.com,Bapanas Mau Cek Gudang Bulog Usai Temuan 1.200 Ton Beras Turun Mutu,https://finance.detik.com/berita-ekonomi-bisnis/d-8139497/bapanas-mau-cek-gudang-bulog-usai-temuan-1-200-ton-beras-turun-mutu,ketersediaan beras jabar,2025-10-05 19:30:37,,,,Bekasi,,,,,
Detik.com,Sorotan DPRD soal Ketersediaan Stok Beras di Bandung,https://www.detik.com/jabar/berita/d-7197194/sorotan-dprd-soal-ketersediaan-stok-beras-di-bandung,ketersediaan beras jabar,2025-10-05 19:30:43,,3 ribu; mencapai Rp3; Rp3 ribu,Jawa Barat,Tasikmalaya; Bandung; Sukabumi; Cirebon,,,Kosambi pun mengaku mengalami kekurangan stok beras; Kosambi Kota Bandung,medium,
Detik.com,"109 Sekolah Negeri Berdiri di Tanah Desa, Disdik Jabar: Kita Siapkan Skema",https://www.detik.com/jabar/berita/d-8137502/109-sekolah-negeri-berdiri-di-tanah-desa-disdik-jabar-kita-siapkan-skema,ketersediaan beras jabar,2025-10-05 19:30:47,,Rp0.,Jawa Barat,,,,,,
Detik.com,Susah Payah Warga di Jabar Dapatkan Beras Murah,https://www.detik.com/jabar/bisnis/d-7214243/susah-payah-warga-di-jabar-dapatkan-beras-murah,ketersediaan beras jabar,2025-10-05 19:30:48,,"Rp 9 ribu; 16,5 ribu per kilogram; 9 ribu; Rp 9,5 ribu; Rp 17 ribu; Rp 69.500; Rp 54,5 ribu; 10 ribu per kilogram; 15,5 ribu; Rp 15 ribu; Rp 16,5 ribu; harga Rp 11; harga Rp 54,5; 15 ribu; 50 ribu; 9,5 ribu; 17 ribu; 54,5 ribu; harga Rp 10; 13 ribu; Rp 13 ribu; 10 ribu; harga Rp 50; Rp 10 ribu; Rp 15,5 ribu; Rp 11 ribu; 11 ribu per kilogram; Rp 50 ribu",Jawa Barat,,Garut; Purwakarta,,"Jenderal Sudirman, Kecamatan Karangpawitan, Garut. Menurut Kasi Humas Ipda Susilo Adi; Karangpawitan; Mako Polres Garut, Jalan Jenderal Sudirman, Kecamatan Karangpawitan, Garut",,
Detik.com,Pj Gubernur Jabar Benarkan Beras di Supermarket Langka,https://finance.detik.com/berita-ekonomi-bisnis/d-7206915/pj-gubernur-jabar-benarkan-beras-di-supermarket-langka,ketersediaan beras jabar,2025-10-05 19:30:49,,57 ribu; 13 ribu; 17 ribu per kilogram; 15 ribu per kilogram; Rp 17 ribu; Rp 13 ribu; 20 ribu; Rp 15 ribu,Jawa Barat,Cirebon,,,,medium; super; premium,
Detik.com,Jerit Kesulitan dan Mahalnya Harga Beras di Lumbung Padi Jabar,https://www.detik.com/jabar/cirebon-raya/d-7202181/jerit-kesulitan-dan-mahalnya-harga-beras-di-lumbung-padi-jabar,ketersediaan beras jabar,2025-10-05 19:30:53,,Rp 500 per kilogram; Rp170 ribu; Rp 12.500 per kilogram; Rp 200; Rp 15.500 per kilogram; 170 ribu,Jawa Barat,,Indramayu; Karawang,,Margadadi,medium; premium,
Detik.com,Disperindag Jabar Ungkap Dugaan Penyebab Kelangkaan Beras di Minimarket,https://www.detik.com/jabar/bisnis/d-7195630/disperindag-jabar-ungkap-dugaan-penyebab-kelangkaan-beras-di-minimarket,ketersediaan beras jabar,2025-10-05 19:30:55,,mencapai Rp14.000; Rp10.900 per kilogram; Rp14.000 per kilogram; Rp16.00; Rp13.900 per kilogram,Jawa Barat,,,,,medium; premium,
